Div,Date,Time,HomeTeam,AwayTeam,FTHG,FTAG,FTR,HTHG,HTAG,HTR,B365H,B365D,B365A,BWH,BWD,BWA,IWH,IWD,IWA,PSH,PSD,PSA,WHH,WHD,WHA,VCH,VCD,VCA,MaxH,MaxD,MaxA,AvgH,AvgD,AvgA,B365>2.5,B365<2.5,P>2.5,P<2.5,Max>2.5,Max<2.5,Avg>2.5,Avg<2.5,AHh,B365AHH,B365AHA,PAHH,PAHA,MaxAHH,MaxAHA,AvgAHH,AvgAHA,B365CH,B365CD,B365CA,BWCH,BWCD,BWCA,IWCH,IWCD,IWCA,PSCH,PSCD,PSCA,WHCH,WHCD,WHCA,VCCH,VCCD,VCCA,MaxCH,MaxCD,MaxCA,AvgCH,AvgCD,AvgCA,B365C>2.5,B365C<2.5,PC>2.5,PC<2.5,MaxC>2.5,MaxC<2.5,AvgC>2.5,AvgC<2.5,AHCh,B365CAHH,B365CAHA,PCAHH,PCAHA,MaxCAHH,MaxCAHA,AvgCAHH,AvgCAHA
B1,01/10/2021,19:45,Mechelen,Standard,,,,,,,2.15,3.8,3.1,2.25,3.75,2.85,2.2,3.6,2.85,2.3,3.74,3.01,2.25,3.6,2.8,2.2,3.7,2.9,2.3,3.85,3.1,2.25,3.66,2.95,1.53,2.4,1.57,2.49,1.57,2.55,1.54,2.45,-0.25,2,1.85,2.01,1.88,2.04,1.92,1.97,1.88,,,,,,,,,,,,,,,,,,,,,,,,,,,,,,,,,,,,,,,,,
B1,02/10/2021,15:15,Kortrijk,Charleroi,,,,,,,2.6,3.6,2.6,2.45,3.7,2.65,2.5,3.55,2.5,2.65,3.64,2.55,2.45,3.4,2.62,2.5,3.5,2.6,2.66,3.74,2.65,2.56,3.59,2.57,1.7,2.1,1.73,2.13,1.78,2.21,1.72,2.13,0,1.93,1.93,1.96,1.89,1.96,2.03,1.91,1.94,,,,,,,,,,,,,,,,,,,,,,,,,,,,,,,,,,,,,,,,,
B1,02/10/2021,17:30,Cercle Brugge,St. Gilloise,,,,,,,5,4,1.66,4.75,4,1.68,4.3,3.9,1.7,4.68,4.05,1.7,4.75,3.7,1.66,4.8,3.9,1.65,5,4.1,1.72,4.7,3.98,1.68,1.7,2.1,1.75,2.1,1.78,2.19,1.73,2.1,0.75,1.98,1.88,1.95,1.9,2.04,1.92,1.97,1.88,,,,,,,,,,,,,,,,,,,,,,,,,,,,,,,,,,,,,,,,,
B1,02/10/2021,17:30,St Truiden,Oostende,,,,,,,2.1,3.8,3.2,2.05,3.6,3.3,2.1,3.65,3,2.13,3.84,3.16,2.2,3.4,3,2.1,3.5,3.2,2.26,3.9,3.3,2.13,3.66,3.13,1.72,2.07,1.75,2.1,1.86,2.12,1.76,2.07,-0.25,1.88,1.98,1.87,1.98,1.95,2.04,1.87,1.97,,,,,,,,,,,,,,,,,,,,,,,,,,,,,,,,,,,,,,,,,
B1,02/10/2021,19:45,Oud-Heverlee Leuven,Beerschot VA,,,,,,,2.1,4,3,2.05,3.9,3.1,2.15,3.75,2.9,2.21,3.88,2.99,2.05,3.6,3.2,2.1,3.8,3,2.22,4,3.15,2.16,3.8,3,1.53,2.4,1.55,2.49,1.55,2.55,1.52,2.48,-0.25,1.9,1.95,1.94,1.91,1.95,2.02,1.9,1.94,,,,,,,,,,,,,,,,,,,,,,,,,,,,,,,,,,,,,,,,,
B1,03/10/2021,12:30,Anderlecht,Club Brugge,,,,,,,2.87,3.6,2.37,2.7,3.75,2.37,2.7,3.5,2.35,2.86,3.61,2.4,2.75,3.4,2.35,2.75,3.5,2.4,2.89,3.75,2.47,2.8,3.51,2.4,1.8,2,1.83,2.01,1.86,2.11,1.79,2.02,0,2.05,1.8,2.1,1.76,2.13,1.86,2.09,1.79,,,,,,,,,,,,,,,,,,,,,,,,,,,,,,,,,,,,,,,,,
B1,03/10/2021,15:00,Seraing,Waregem,,,,,,,2,4,3.3,1.95,4,3.3,2.05,3.8,3.15,2.03,3.95,3.33,2,3.6,3.3,2,3.75,3.3,2.1,4,3.4,2.03,3.83,3.27,1.57,2.35,1.61,2.36,1.66,2.43,1.59,2.34,-0.25,1.75,2.05,1.78,2.08,1.85,2.12,1.79,2.05,,,,,,,,,,,,,,,,,,,,,,,,,,,,,,,,,,,,,,,,,
B1,03/10/2021,17:30,Antwerp,Gent,,,,,,,2.75,3.75,2.4,2.6,3.9,2.37,2.6,3.7,2.35,2.68,3.88,2.42,2.62,3.5,2.4,2.7,3.6,2.4,2.8,3.9,2.55,2.66,3.71,2.42,1.65,2.2,1.63,2.32,1.71,2.35,1.63,2.26,0,2.02,1.83,2.03,1.83,2.11,1.94,2.02,1.84,,,,,,,,,,,,,,,,,,,,,,,,,,,,,,,,,,,,,,,,,
B1,03/10/2021,20:00,Eupen,Genk,,,,,,,3.25,4,2.05,3.25,3.9,2,3.05,3.8,2.05,3.21,4.01,2.06,3.1,3.7,2.05,3.1,3.8,2.05,3.3,4.1,2.14,3.17,3.84,2.06,1.5,2.5,1.49,2.63,1.53,2.63,1.5,2.54,0.25,2,1.85,2.05,1.82,2.05,1.9,2.01,1.83,,,,,,,,,,,,,,,,,,,,,,,,,,,,,,,,,,,,,,,,,
D1,01/10/2021,19:30,FC Koln,Greuther Furth,,,,,,,1.4,5,7,1.44,4.75,7,1.5,4.6,6.25,1.46,4.89,7.3,1.44,4.6,6.5,1.44,5,6.5,1.53,5,7.61,1.46,4.83,6.76,1.44,2.75,1.5,2.72,1.58,2.75,1.49,2.65,-1.25,2.04,1.89,2.03,1.89,2.06,1.94,2,1.88,,,,,,,,,,,,,,,,,,,,,,,,,,,,,,,,,,,,,,,,,
D1,02/10/2021,14:30,Dortmund,Augsburg,,,,,,,1.22,6.5,12,1.22,6.75,11.5,1.2,7.25,12,1.25,6.58,12.89,1.22,6.5,12,1.22,6.5,11,1.26,7.25,13.5,1.23,6.62,12.16,1.36,3.2,1.41,3.04,1.41,3.2,1.38,3.07,-2,2.02,1.77,2.12,1.8,2.13,1.9,2.06,1.82,,,,,,,,,,,,,,,,,,,,,,,,,,,,,,,,,,,,,,,,,
D1,02/10/2021,14:30,Hertha,Freiburg,,,,,,,2.9,3.4,2.4,2.9,3.4,2.45,2.85,3.3,2.5,2.92,3.4,2.6,2.8,3.3,2.5,2.75,3.4,2.5,3,3.48,2.6,2.88,3.35,2.51,1.97,1.93,2.01,1.9,2.02,1.98,1.95,1.89,0,2.07,1.86,2.08,1.85,2.09,1.87,2.07,1.83,,,,,,,,,,,,,,,,,,,,,,,,,,,,,,,,,,,,,,,,,
D1,02/10/2021,14:30,Stuttgart,Hoffenheim,,,,,,,2.62,3.75,2.45,2.6,3.75,2.5,2.65,3.6,2.55,2.72,3.99,2.48,2.62,3.75,2.4,2.6,3.9,2.38,2.75,4.08,2.57,2.66,3.83,2.46,1.44,2.75,1.5,2.73,1.52,2.8,1.47,2.69,0,2.05,1.88,2.05,1.88,2.07,1.9,2.02,1.87,,,,,,,,,,,,,,,,,,,,,,,,,,,,,,,,,,,,,,,,,
D1,02/10/2021,14:30,Wolfsburg,M'gladbach,,,,,,,2.1,3.6,3.4,2.15,3.5,3.3,2.2,3.5,3.2,2.21,3.61,3.42,2.15,3.5,3.25,2.15,3.6,3.2,2.27,3.65,3.48,2.18,3.52,3.31,1.72,2.1,1.79,2.13,1.85,2.24,1.75,2.12,-0.25,1.9,2.03,1.91,2.02,1.94,2.04,1.89,1.99,,,,,,,,,,,,,,,,,,,,,,,,,,,,,,,,,,,,,,,,,
D1,02/10/2021,17:30,RB Leipzig,Bochum,,,,,,,1.2,7,12,1.22,7,11.5,1.22,7,12,1.23,6.96,14.09,1.2,6.5,13,1.2,7,12,1.24,7.3,14.52,1.22,6.84,13.05,1.4,3,1.4,3.08,1.44,3.1,1.4,2.97,-2,2.02,1.91,2,1.91,2.11,1.91,2.01,1.86,,,,,,,,,,,,,,,,,,,,,,,,,,,,,,,,,,,,,,,,,
D1,03/10/2021,14:30,Mainz,Union Berlin,,,,,,,2.05,3.5,3.6,2.05,3.4,3.7,2.1,3.3,3.7,2.13,3.38,3.87,2.05,3.25,3.75,2.05,3.4,3.5,2.15,3.5,3.89,2.09,3.35,3.71,2,1.8,2.14,1.78,2.16,1.86,2.08,1.77,-0.25,1.77,2.02,1.83,2.12,1.85,2.12,1.81,2.07,,,,,,,,,,,,,,,,,,,,,,,,,,,,,,,,,,,,,,,,,
D1,03/10/2021,16:30,Bayern Munich,Ein Frankfurt,,,,,,,1.16,8,15,1.18,8,13,1.17,8,14,1.19,8.14,14.45,1.14,8.5,15,1.14,8.5,15,1.2,9.8,17.25,1.17,8.35,14.57,1.2,4.5,1.18,4.75,1.21,5.25,1.19,4.67,-2.5,2.02,1.91,2.05,1.85,2.06,1.92,2.02,1.86,,,,,,,,,,,,,,,,,,,,,,,,,,,,,,,,,,,,,,,,,
D1,03/10/2021,18:30,Bielefeld,Leverkusen,,,,,,,5,4,1.61,4.75,4,1.7,5,3.8,1.7,5.24,4.08,1.7,5.25,3.7,1.67,4.75,4,1.67,5.45,4.21,1.73,5.05,3.95,1.69,1.72,2.1,1.8,2.12,1.83,2.2,1.76,2.09,0.75,2.01,1.92,2.04,1.89,2.04,1.95,1.99,1.89,,,,,,,,,,,,,,,,,,,,,,,,,,,,,,,,,,,,,,,,,
D2,01/10/2021,17:30,Erzgebirge Aue,Hamburg,,,,,,,6,4.33,1.53,5,4.2,1.61,4.8,4.3,1.63,5.59,4.53,1.58,5.25,4,1.57,5,4.5,1.53,6,4.65,1.63,5.27,4.41,1.56,1.44,2.7,1.5,2.7,1.55,2.78,1.47,2.65,1,1.95,1.9,1.96,1.94,2.01,1.97,1.93,1.91,,,,,,,,,,,,,,,,,,,,,,,,,,,,,,,,,,,,,,,,,
D2,01/10/2021,17:30,Werder Bremen,Heidenheim,,,,,,,2,3.75,3.6,2,3.7,3.4,2.1,3.5,3.4,2.01,3.63,3.91,1.95,3.4,3.6,1.95,3.7,3.4,2.1,3.79,3.93,2.01,3.56,3.58,1.75,2.05,1.78,2.11,1.82,2.25,1.75,2.08,-0.5,1.98,1.88,2.01,1.89,2.1,1.94,1.99,1.84,,,,,,,,,,,,,,,,,,,,,,,,,,,,,,,,,,,,,,,,,
D2,02/10/2021,12:30,Fortuna Dusseldorf,Paderborn,,,,,,,2.25,3.5,3.1,2.25,3.5,3,2.35,3.5,2.9,2.45,3.57,2.96,2.3,3.4,2.87,2.3,3.6,2.75,2.46,3.79,3.16,2.34,3.51,2.87,1.65,2.2,1.69,2.26,1.7,2.36,1.65,2.24,-0.25,2.05,1.8,2.11,1.81,2.12,1.87,2.06,1.81,,,,,,,,,,,,,,,,,,,,,,,,,,,,,,,,,,,,,,,,,
D2,02/10/2021,12:30,Holstein Kiel,Hansa Rostock,,,,,,,1.95,3.5,4,1.93,3.5,3.9,1.95,3.55,3.8,1.97,3.62,4.09,1.91,3.4,3.8,1.95,3.6,3.5,2.04,3.78,4.1,1.95,3.52,3.78,1.72,2.07,1.75,2.16,1.8,2.17,1.73,2.11,-0.5,1.98,1.88,1.97,1.93,2.04,1.94,1.96,1.88,,,,,,,,,,,,,,,,,,,,,,,,,,,,,,,,,,,,,,,,,
D2,02/10/2021,12:30,Regensburg,Karlsruhe,,,,,,,2.25,3.3,3.3,2.25,3.4,3.1,2.3,3.35,3.1,2.34,3.43,3.23,2.25,3.25,3.1,2.25,3.5,2.9,2.38,3.61,3.3,2.29,3.34,3.07,1.8,2,1.86,2.03,1.88,2.07,1.83,1.98,-0.25,1.98,1.88,2.01,1.89,2.04,1.91,1.99,1.87,,,,,,,,,,,,,,,,,,,,,,,,,,,,,,,,,,,,,,,,,
D2,02/10/2021,19:30,Nurnberg,Hannover,,,,,,,2.1,3.4,3.6,2.1,3.4,3.5,2.05,3.4,3.65,2.08,3.61,3.68,2,3.3,3.6,2,3.5,3.4,2.11,3.64,3.69,2.05,3.48,3.5,1.8,2,1.86,2.03,1.88,2.07,1.83,1.98,-0.5,2.02,1.83,2.08,1.83,2.09,1.86,2.04,1.8,,,,,,,,,,,,,,,,,,,,,,,,,,,,,,,,,,,,,,,,,
D2,03/10/2021,12:30,Sandhausen,Darmstadt,,,,,,,3.5,3.75,2,3.25,3.6,2.1,3.25,3.65,2.1,3.4,3.82,2.12,3.25,3.5,2.05,3.3,3.6,2.05,3.5,3.93,2.15,3.26,3.65,2.08,1.66,2.15,1.7,2.24,1.72,2.28,1.67,2.2,0.25,2.05,1.8,2.07,1.85,2.11,1.87,2.04,1.82,,,,,,,,,,,,,,,,,,,,,,,,,,,,,,,,,,,,,,,,,
D2,03/10/2021,12:30,Schalke 04,Ingolstadt,,,,,,,1.53,4.33,6,1.52,4.2,6.25,1.55,4.1,6,1.56,4.18,6.61,1.52,3.9,6,1.53,4.2,5.5,1.6,4.4,6.61,1.54,4.15,5.84,1.65,2.2,1.69,2.26,1.75,2.28,1.68,2.19,-1,1.93,1.93,1.95,1.95,2.03,1.99,1.92,1.92,,,,,,,,,,,,,,,,,,,,,,,,,,,,,,,,,,,,,,,,,
D2,03/10/2021,12:30,St Pauli,Dresden,,,,,,,1.7,4,4.75,1.77,4,4.2,1.73,3.95,4.5,1.74,4.13,4.7,1.7,3.7,4.5,1.73,4,4.2,1.79,4.13,4.75,1.73,3.91,4.39,1.66,2.15,1.71,2.22,1.75,2.25,1.69,2.16,-0.75,1.95,1.9,1.94,1.96,2.03,1.97,1.96,1.89,,,,,,,,,,,,,,,,,,,,,,,,,,,,,,,,,,,,,,,,,
E0,02/10/2021,12:30,Man United,Everton,,,,,,,1.45,4.33,7.5,1.5,4.25,6.75,1.5,4.4,6.5,1.51,4.37,7.59,1.47,4.2,7,1.45,4.5,7.5,1.54,4.55,7.59,1.5,4.38,7.08,1.8,2,1.82,2.09,1.9,2.11,1.81,2.05,-1,1.82,2.11,1.84,2.1,1.89,2.13,1.83,2.07,,,,,,,,,,,,,,,,,,,,,,,,,,,,,,,,,,,,,,,,,
E0,02/10/2021,15:00,Burnley,Norwich,,,,,,,1.85,3.6,4.33,1.85,3.5,4.5,1.85,3.7,4.2,1.9,3.69,4.42,1.88,3.4,4.2,1.83,3.5,4.2,1.94,3.71,4.54,1.88,3.61,4.33,1.9,1.9,1.93,1.97,1.94,2.01,1.9,1.94,-0.5,1.89,2.04,1.9,2.03,1.92,2.05,1.88,2.01,,,,,,,,,,,,,,,,,,,,,,,,,,,,,,,,,,,,,,,,,
E0,02/10/2021,15:00,Chelsea,Southampton,,,,,,,1.36,4.75,9,1.36,5,8.5,1.35,5,9.5,1.4,4.91,9.22,1.36,4.6,9,1.36,4.6,8.5,1.42,5.13,10,1.38,4.9,8.92,1.8,2,1.81,2.09,1.86,2.11,1.79,2.06,-1.25,1.92,2.01,1.93,1.99,1.94,2.04,1.9,1.99,,,,,,,,,,,,,,,,,,,,,,,,,,,,,,,,,,,,,,,,,
E0,02/10/2021,15:00,Leeds,Watford,,,,,,,1.7,4,4.75,1.78,3.6,4.75,1.75,3.95,4.4,1.78,3.96,4.8,1.75,3.7,4.6,1.7,3.8,4.6,1.83,4.13,4.9,1.76,3.9,4.63,1.66,2.2,1.71,2.25,1.74,2.27,1.69,2.22,-0.75,1.98,1.95,1.99,1.93,1.99,1.98,1.96,1.92,,,,,,,,,,,,,,,,,,,,,,,,,,,,,,,,,,,,,,,,,
E0,02/10/2021,15:00,Wolves,Newcastle,,,,,,,1.61,4.2,5.25,1.67,4.2,4.75,1.7,3.9,4.9,1.72,4.06,5.06,1.65,3.9,5,1.65,3.7,5.25,1.75,4.2,5.5,1.69,4,5.02,1.9,1.9,1.98,1.92,1.99,2.02,1.93,1.91,-0.75,1.93,2,1.94,1.98,1.96,2.03,1.9,1.99,,,,,,,,,,,,,,,,,,,,,,,,,,,,,,,,,,,,,,,,,
E0,02/10/2021,17:30,Brighton,Arsenal,,,,,,,3,3.25,2.4,2.95,3.2,2.5,3,3.15,2.5,3.16,3.2,2.54,3,3.1,2.45,3,3.2,2.38,3.2,3.34,2.6,3.05,3.22,2.5,2,1.8,2.11,1.8,2.12,1.86,2.06,1.8,0.25,1.81,2.13,1.8,2.16,1.83,2.16,1.79,2.12,,,,,,,,,,,,,,,,,,,,,,,,,,,,,,,,,,,,,,,,,
E0,03/10/2021,14:00,Crystal Palace,Leicester,,,,,,,3.1,3.4,2.3,3.2,3.3,2.3,3.05,3.35,2.35,3.17,3.44,2.41,3,3.3,2.35,3,3.3,2.3,3.2,3.52,2.44,3.11,3.41,2.36,2,1.8,2.09,1.83,2.09,1.9,2.02,1.83,0.25,1.86,2.07,1.87,2.07,1.89,2.11,1.85,2.04,,,,,,,,,,,,,,,,,,,,,,,,,,,,,,,,,,,,,,,,,
E0,03/10/2021,14:00,Tottenham,Aston Villa,,,,,,,2.1,3.6,3.4,2.15,3.4,3.4,2.1,3.5,3.45,2.13,3.61,3.64,2.15,3.3,3.5,2.1,3.4,3.4,2.2,3.65,3.66,2.12,3.53,3.5,1.9,1.9,1.93,1.98,1.94,2.01,1.89,1.95,-0.25,1.85,2.08,1.84,2.1,1.87,2.11,1.84,2.06,,,,,,,,,,,,,,,,,,,,,,,,,,,,,,,,,,,,,,,,,
E0,03/10/2021,14:00,West Ham,Brentford,,,,,,,1.75,3.75,4.75,1.8,3.5,4.75,1.8,3.65,4.4,1.84,3.65,4.82,1.8,3.4,4.75,1.75,3.6,4.5,1.86,3.85,4.9,1.82,3.62,4.67,1.9,1.9,1.93,1.98,1.97,1.98,1.92,1.92,-0.5,1.83,2.1,1.84,2.1,1.88,2.14,1.83,2.07,,,,,,,,,,,,,,,,,,,,,,,,,,,,,,,,,,,,,,,,,
E0,03/10/2021,16:30,Liverpool,Man City,,,,,,,2.87,3.5,2.4,2.8,3.6,2.4,2.85,3.4,2.45,2.99,3.55,2.46,2.8,3.5,2.38,2.8,3.4,2.38,3,3.75,2.52,2.9,3.53,2.43,1.72,2.1,1.74,2.2,1.79,2.25,1.73,2.14,0.25,1.82,2.11,1.82,2.12,1.83,2.14,1.8,2.1,,,,,,,,,,,,,,,,,,,,,,,,,,,,,,,,,,,,,,,,,
E1,01/10/2021,19:45,Stoke,West Brom,,,,,,,3.5,3.2,2.2,3.6,3.1,2.2,3.45,3.15,2.25,3.61,3.21,2.28,3.4,3.1,2.2,3.4,3.3,2.2,3.67,3.35,2.32,3.49,3.19,2.23,2.1,1.72,2.19,1.74,2.22,1.76,2.15,1.71,0.25,1.96,1.94,1.97,1.93,2,1.97,1.94,1.91,,,,,,,,,,,,,,,,,,,,,,,,,,,,,,,,,,,,,,,,,
E1,02/10/2021,12:30,Coventry,Fulham,,,,,,,3.75,3.5,2,3.8,3.7,1.95,3.7,3.6,1.97,3.82,3.67,2.02,3.7,3.5,1.95,3.75,3.6,1.95,3.87,3.75,2.04,3.71,3.6,1.99,1.9,1.9,1.97,1.92,2.01,1.96,1.94,1.88,0.5,1.89,2.01,1.88,2.02,1.91,2.02,1.86,1.99,,,,,,,,,,,,,,,,,,,,,,,,,,,,,,,,,,,,,,,,,
E1,02/10/2021,15:00,Barnsley,Millwall,,,,,,,3,3.1,2.5,2.95,3,2.65,2.9,3.05,2.6,3,3.1,2.69,2.9,2.9,2.6,2.9,3.1,2.6,3.05,3.12,2.7,2.95,3.03,2.62,2.5,1.53,2.57,1.55,2.6,1.62,2.51,1.53,0,2.07,1.83,2.07,1.85,2.13,1.85,2.06,1.82,,,,,,,,,,,,,,,,,,,,,,,,,,,,,,,,,,,,,,,,,
E1,02/10/2021,15:00,Birmingham,Nott'm Forest,,,,,,,2.15,3.2,3.6,2.2,3.1,3.6,2.2,3.1,3.55,2.23,3.24,3.67,2.2,3,3.6,2.15,3.2,3.6,2.28,3.25,3.77,2.19,3.16,3.61,2.3,1.61,2.41,1.62,2.45,1.62,2.37,1.59,-0.25,1.87,2.03,1.9,2.01,1.9,2.06,1.86,2,,,,,,,,,,,,,,,,,,,,,,,,,,,,,,,,,,,,,,,,,
E1,02/10/2021,15:00,Blackpool,Blackburn,,,,,,,3,3.3,2.45,2.95,3.3,2.45,2.95,3.25,2.45,3.03,3.32,2.52,2.9,3.2,2.4,2.9,3.3,2.45,3.04,3.51,2.55,2.93,3.3,2.47,2,1.8,2,1.88,2.06,1.9,1.98,1.84,0.25,1.78,2.13,1.79,2.15,1.8,2.15,1.77,2.11,,,,,,,,,,,,,,,,,,,,,,,,,,,,,,,,,,,,,,,,,
E1,02/10/2021,15:00,Bournemouth,Sheffield United,,,,,,,1.95,3.5,3.9,1.91,3.6,4,1.97,3.4,3.85,2.05,3.5,3.9,1.95,3.4,3.8,1.95,3.5,3.9,2.08,3.6,4,2,3.44,3.84,2.1,1.72,2.1,1.79,2.16,1.83,2.07,1.76,-0.5,2,1.9,2.05,1.86,2.05,1.97,2,1.86,,,,,,,,,,,,,,,,,,,,,,,,,,,,,,,,,,,,,,,,,
E1,02/10/2021,15:00,Cardiff,Reading,,,,,,,2,3.4,3.8,2.05,3.4,3.7,2,3.5,3.7,2.01,3.67,3.85,2,3.4,3.6,2,3.5,3.7,2.1,3.72,3.88,2.01,3.53,3.68,1.9,1.9,1.95,1.93,2,1.94,1.94,1.88,-0.5,2.01,1.89,2.01,1.89,2.05,1.91,2.01,1.86,,,,,,,,,,,,,,,,,,,,,,,,,,,,,,,,,,,,,,,,,
E1,02/10/2021,15:00,Derby,Swansea,,,,,,,2.45,3.1,3.1,2.55,3.1,2.95,2.5,3.05,3.05,2.54,3.14,3.17,2.5,3,3,2.5,3.1,3,2.6,3.22,3.19,2.52,3.09,3.03,2.37,1.57,2.48,1.59,2.5,1.61,2.41,1.57,0,1.78,2.13,1.75,2.19,1.81,2.19,1.77,2.12,,,,,,,,,,,,,,,,,,,,,,,,,,,,,,,,,,,,,,,,,
E1,02/10/2021,15:00,Hull,Middlesbrough,,,,,,,3,3.2,2.45,3.1,3.2,2.4,3.05,3.1,2.45,3.16,3.19,2.52,3,3.1,2.4,3,3.2,2.45,3.21,3.28,2.55,3.04,3.17,2.47,2.3,1.61,2.42,1.61,2.43,1.65,2.32,1.61,0.25,1.79,2.11,1.79,2.14,1.82,2.21,1.77,2.11,,,,,,,,,,,,,,,,,,,,,,,,,,,,,,,,,,,,,,,,,
E1,02/10/2021,15:00,Luton,Huddersfield,,,,,,,2.1,3.3,3.75,2.1,3.4,3.6,2.15,3.35,3.45,2.16,3.44,3.65,2.1,3.3,3.4,2.1,3.4,3.5,2.2,3.57,3.75,2.13,3.41,3.49,2,1.8,2.04,1.86,2.07,1.91,2,1.83,-0.25,1.85,2.05,1.85,2.06,1.89,2.08,1.84,2.03,,,,,,,,,,,,,,,,,,,,,,,,,,,,,,,,,,,,,,,,,
E1,02/10/2021,15:00,Peterboro,Bristol City,,,,,,,2.5,3.3,2.87,2.5,3.3,2.85,2.55,3.2,2.8,2.65,3.27,2.91,2.5,3.2,2.8,2.55,3.25,2.8,2.68,3.46,2.91,2.56,3.27,2.83,2,1.8,2.13,1.78,2.13,1.86,2.04,1.78,0,1.86,2.04,1.86,2.05,1.87,2.08,1.84,2.03,,,,,,,,,,,,,,,,,,,,,,,,,,,,,,,,,,,,,,,,,
E1,02/10/2021,15:00,QPR,Preston,,,,,,,2.05,3.6,3.5,2.1,3.4,3.6,2.1,3.45,3.5,2.13,3.55,3.62,2.05,3.4,3.5,2.1,3.5,3.4,2.16,3.6,3.68,2.11,3.46,3.5,1.9,1.9,1.96,1.93,2,1.94,1.94,1.88,-0.25,1.83,2.07,1.83,2.08,1.86,2.1,1.83,2.04,,,,,,,,,,,,,,,,,,,,,,,,,,,,,,,,,,,,,,,,,
E2,02/10/2021,15:00,Accrington,Ipswich,,,,,,,3.1,3.25,2.37,2.95,3.3,2.3,2.75,3.2,2.35,2.94,3.47,2.41,2.8,3.25,2.35,2.9,3.4,2.4,3.1,3.6,2.48,2.89,3.37,2.39,1.9,1.9,1.88,1.95,1.96,1.97,1.89,1.9,0.25,1.8,2.05,1.79,2.08,1.82,2.11,1.77,2.07,,,,,,,,,,,,,,,,,,,,,,,,,,,,,,,,,,,,,,,,,
E2,02/10/2021,15:00,AFC Wimbledon,Burton,,,,,,,2.25,3.4,3.25,2.15,3.4,3.1,2.2,3.25,3.05,2.27,3.48,3.17,2.2,3.3,3,2.3,3.4,3.1,2.35,3.58,3.25,2.26,3.4,3.09,1.95,1.85,1.95,1.88,1.98,1.92,1.93,1.86,-0.25,1.95,1.9,1.96,1.89,2.01,1.94,1.96,1.87,,,,,,,,,,,,,,,,,,,,,,,,,,,,,,,,,,,,,,,,,
E2,02/10/2021,15:00,Bolton,Shrewsbury,,,,,,,1.75,3.6,4.75,1.82,3.5,4.2,1.8,3.35,4.3,1.79,3.68,4.62,1.75,3.4,4.4,1.83,3.6,4.33,1.85,3.75,4.75,1.79,3.6,4.46,2,1.8,2.15,1.71,2.15,1.84,2.06,1.75,-0.75,2.05,1.8,2.06,1.81,2.07,1.85,2.03,1.8,,,,,,,,,,,,,,,,,,,,,,,,,,,,,,,,,,,,,,,,,
E2,02/10/2021,15:00,Cheltenham,Rotherham,,,,,,,4.2,3.5,1.9,3.8,3.4,1.95,3.95,3.2,1.95,4.13,3.45,1.94,3.8,3.3,1.91,4,3.4,1.95,4.33,3.64,1.99,3.99,3.4,1.94,2.07,1.72,2.11,1.75,2.15,1.78,2.09,1.72,0.5,1.9,1.95,1.91,1.94,1.92,2.01,1.88,1.94,,,,,,,,,,,,,,,,,,,,,,,,,,,,,,,,,,,,,,,,,
E2,02/10/2021,15:00,Crewe,Cambridge,,,,,,,2.3,3.25,3.25,2.2,3.25,3.1,2.3,3.15,2.95,2.32,3.44,3.11,2.25,3.2,3,2.3,3.4,3.1,2.37,3.48,3.25,2.29,3.32,3.08,2,1.8,2.02,1.83,2.1,1.83,2.01,1.78,-0.25,2,1.85,2,1.86,2.03,1.9,1.98,1.85,,,,,,,,,,,,,,,,,,,,,,,,,,,,,,,,,,,,,,,,,
E2,02/10/2021,15:00,Doncaster,Milton Keynes Dons,,,,,,,5,3.6,1.75,4.2,3.4,1.83,4.3,3.5,1.75,4.53,3.77,1.78,4.2,3.5,1.78,4.5,3.6,1.8,5,3.86,1.85,4.39,3.64,1.79,1.95,1.85,1.93,1.89,2.01,1.92,1.94,1.85,0.75,1.83,2.02,1.83,2.03,1.86,2.07,1.82,2.01,,,,,,,,,,,,,,,,,,,,,,,,,,,,,,,,,,,,,,,,,
E2,02/10/2021,15:00,Fleetwood Town,Charlton,,,,,,,2.45,3.3,2.9,2.37,3.3,2.85,2.4,3.1,2.8,2.46,3.35,2.96,2.45,3.1,2.8,2.5,3.3,2.88,2.6,3.48,2.98,2.47,3.26,2.86,2,1.8,2,1.84,2.14,1.84,2.01,1.78,0,1.8,2.05,1.75,2.12,1.84,2.12,1.78,2.07,,,,,,,,,,,,,,,,,,,,,,,,,,,,,,,,,,,,,,,,,
E2,02/10/2021,15:00,Gillingham,Wigan,,,,,,,4.5,3.6,1.8,4.33,3.5,1.78,4.1,3.45,1.83,4.32,3.78,1.81,4.33,3.5,1.75,4.2,3.7,1.83,4.6,3.84,1.89,4.25,3.65,1.81,2.05,1.75,1.93,1.9,2.05,1.93,1.94,1.85,0.5,2,1.85,2.05,1.81,2.08,1.89,2.02,1.82,,,,,,,,,,,,,,,,,,,,,,,,,,,,,,,,,,,,,,,,,
E2,02/10/2021,15:00,Lincoln,Plymouth,,,,,,,2.37,3.2,3.2,2.15,3.4,3.1,2.35,3.2,2.8,2.41,3.4,2.98,2.3,3.25,2.88,2.4,3.4,2.9,2.46,3.6,3.2,2.37,3.36,2.93,1.9,1.9,1.91,1.93,1.96,1.95,1.9,1.89,-0.25,2.05,1.8,2.08,1.79,2.12,1.83,2.06,1.79,,,,,,,,,,,,,,,,,,,,,,,,,,,,,,,,,,,,,,,,,
E2,02/10/2021,15:00,Portsmouth,Sunderland,,,,,,,2.87,3.5,2.4,2.9,3.25,2.35,2.75,3.2,2.35,2.93,3.44,2.43,2.88,3.2,2.35,2.9,3.4,2.4,3.02,3.5,2.48,2.9,3.35,2.39,2.07,1.72,2.03,1.81,2.1,1.83,2.01,1.78,0,2.1,1.77,2.12,1.75,2.17,1.79,2.11,1.75,,,,,,,,,,,,,,,,,,,,,,,,,,,,,,,,,,,,,,,,,
E2,02/10/2021,15:00,Sheffield Weds,Oxford,,,,,,,2.2,3.4,3.3,2.15,3.3,3.3,2.2,3.15,3.1,2.3,3.4,3.17,2.15,3.3,3.1,2.25,3.4,3.13,2.34,3.55,3.3,2.23,3.37,3.15,2,1.8,1.99,1.85,2.02,1.88,1.96,1.82,-0.25,1.95,1.9,1.98,1.88,1.98,1.99,1.95,1.89,,,,,,,,,,,,,,,,,,,,,,,,,,,,,,,,,,,,,,,,,
E2,02/10/2021,15:00,Wycombe,Morecambe,,,,,,,1.61,4,5.5,1.65,3.75,5,1.65,3.65,4.9,1.65,3.97,5.29,1.65,3.6,4.8,1.65,4,5,1.71,4.1,5.5,1.65,3.88,5.05,1.85,1.95,1.9,1.93,1.93,2.02,1.87,1.92,-0.75,1.83,2.02,1.85,2.01,1.92,2.05,1.84,1.99,,,,,,,,,,,,,,,,,,,,,,,,,,,,,,,,,,,,,,,,,
E3,02/10/2021,15:00,Bradford,Rochdale,,,,,,,2.15,3.5,3.3,2.05,3.5,3.3,2.05,3.3,3.3,2.13,3.51,3.45,2.05,3.4,3.2,2.15,3.5,3.3,2.17,3.68,3.48,2.1,3.48,3.32,1.85,1.95,1.87,1.97,1.94,1.98,1.86,1.92,-0.25,1.85,2,1.84,2.02,1.86,2.07,1.83,1.99,,,,,,,,,,,,,,,,,,,,,,,,,,,,,,,,,,,,,,,,,
E3,02/10/2021,15:00,Bristol Rvs,Swindon,,,,,,,2.37,3.3,3.1,2.35,3.1,3.1,2.3,3,3,2.39,3.17,3.22,2.3,3,3.1,2.38,3.2,3.1,2.5,3.3,3.23,2.36,3.14,3.12,2.15,1.66,2.27,1.65,2.3,1.72,2.2,1.65,-0.25,2.02,1.83,2.03,1.83,2.1,1.88,2.02,1.81,,,,,,,,,,,,,,,,,,,,,,,,,,,,,,,,,,,,,,,,,
E3,02/10/2021,15:00,Carlisle,Forest Green,,,,,,,3.6,3.4,2.1,3.3,3.4,2.1,3.25,3.2,2.1,3.4,3.45,2.17,3.3,3.3,2.05,3.3,3.4,2.2,3.6,3.62,2.2,3.3,3.41,2.15,2,1.8,1.98,1.86,2.06,1.91,1.95,1.83,0.25,1.98,1.88,1.98,1.87,2.01,1.94,1.95,1.87,,,,,,,,,,,,,,,,,,,,,,,,,,,,,,,,,,,,,,,,,
E3,02/10/2021,15:00,Colchester,Salford,,,,,,,3.1,3.4,2.3,2.9,3.2,2.4,2.9,3.05,2.4,3.12,3.27,2.4,2.9,3.1,2.35,3,3.25,2.4,3.12,3.4,2.52,3,3.22,2.39,2.15,1.66,2.25,1.66,2.26,1.72,2.18,1.66,0.25,1.8,2.05,1.82,2.05,1.84,2.08,1.79,2.04,,,,,,,,,,,,,,,,,,,,,,,,,,,,,,,,,,,,,,,,,
E3,02/10/2021,15:00,Exeter,Walsall,,,,,,,1.75,3.5,5,1.77,3.5,4.5,1.73,3.35,4.6,1.74,3.65,5.02,1.78,3.3,4.5,1.75,3.6,4.8,1.84,3.75,5.1,1.76,3.54,4.73,2.1,1.7,2.18,1.7,2.21,1.74,2.13,1.69,-0.75,2,1.85,2,1.86,2.06,1.88,1.98,1.84,,,,,,,,,,,,,,,,,,,,,,,,,,,,,,,,,,,,,,,,,
E3,02/10/2021,15:00,Mansfield,Barrow,,,,,,,2.25,3.3,3.3,2.15,3.25,3.3,2.25,3.15,3,2.31,3.4,3.14,2.25,3.1,3.1,2.3,3.3,3.2,2.38,3.44,3.4,2.27,3.29,3.15,2.1,1.7,2.12,1.74,2.17,1.77,2.1,1.71,-0.25,1.98,1.88,1.99,1.86,2,1.94,1.96,1.87,,,,,,,,,,,,,,,,,,,,,,,,,,,,,,,,,,,,,,,,,
E3,02/10/2021,15:00,Newport County,Scunthorpe,,,,,,,1.7,3.6,5.25,1.71,3.4,5,1.73,3.35,4.7,1.75,3.58,5.08,1.73,3.3,4.8,1.75,3.6,4.8,1.82,3.7,5.25,1.75,3.51,4.84,2.2,1.65,2.23,1.67,2.28,1.77,2.18,1.66,-0.75,1.95,1.9,2,1.85,2.07,1.94,1.98,1.85,,,,,,,,,,,,,,,,,,,,,,,,,,,,,,,,,,,,,,,,,
E3,02/10/2021,15:00,Northampton,Sutton,,,,,,,2.2,3.3,3.4,2.2,3.2,3.2,2.2,3.1,3.2,2.26,3.37,3.29,2.2,3.1,3.2,2.25,3.3,3.25,2.31,3.4,3.4,2.22,3.27,3.27,2.2,1.65,2.24,1.66,2.3,1.69,2.21,1.65,-0.25,1.93,1.93,1.93,1.92,1.95,1.96,1.91,1.91,,,,,,,,,,,,,,,,,,,,,,,,,,,,,,,,,,,,,,,,,
E3,02/10/2021,15:00,Oldham,Harrogate,,,,,,,3.25,3.5,2.15,2.95,3.4,2.25,2.95,3.35,2.2,3.12,3.72,2.2,2.9,3.3,2.25,3,3.6,2.25,3.25,3.73,2.3,3.05,3.54,2.21,1.9,1.9,1.88,1.95,1.97,1.97,1.88,1.9,0.25,1.93,1.93,1.93,1.92,1.93,2.03,1.89,1.92,,,,,,,,,,,,,,,,,,,,,,,,,,,,,,,,,,,,,,,,,
E3,02/10/2021,15:00,Port Vale,Leyton Orient,,,,,,,2.3,3.1,3.4,2.25,3.3,3,2.3,3,3,2.41,3.23,3.14,2.3,3,3.1,2.38,3.25,3.1,2.46,3.32,3.4,2.35,3.18,3.1,2.25,1.61,2.33,1.62,2.38,1.65,2.28,1.61,-0.25,2,1.85,2.05,1.81,2.06,1.9,2.01,1.83,,,,,,,,,,,,,,,,,,,,,,,,,,,,,,,,,,,,,,,,,
E3,02/10/2021,15:00,Stevenage,Hartlepool,,,,,,,2.25,3.2,3.4,2.25,3.25,3.1,2.2,3,3.3,2.25,3.18,3.49,2.2,3.1,3.25,2.3,3.2,3.25,2.35,3.34,3.5,2.25,3.16,3.31,2.35,1.57,2.42,1.58,2.45,1.62,2.35,1.57,-0.25,1.95,1.9,1.92,1.93,1.99,1.94,1.93,1.89,,,,,,,,,,,,,,,,,,,,,,,,,,,,,,,,,,,,,,,,,
E3,02/10/2021,15:00,Tranmere,Crawley Town,,,,,,,2.25,3.25,3.3,2.2,3.4,3.1,2.2,3.1,3.15,2.3,3.33,3.23,2.25,3.3,2.9,2.25,3.3,3.25,2.32,3.4,3.4,2.25,3.27,3.2,2.15,1.66,2.2,1.68,2.28,1.7,2.16,1.67,-0.25,1.95,1.9,1.97,1.88,1.97,1.95,1.94,1.88,,,,,,,,,,,,,,,,,,,,,,,,,,,,,,,,,,,,,,,,,
EC,02/10/2021,15:00,Aldershot,Wrexham,,,,,,,4,3.6,1.85,,,,3.85,3.2,1.9,4.17,3.35,1.93,4.4,3.5,1.7,4,3.5,1.8,4.5,3.65,1.96,3.96,3.45,1.87,1.9,1.9,1.89,1.91,1.93,1.95,1.86,1.89,0.5,1.9,1.9,1.89,1.93,1.97,1.93,1.89,1.89,,,,,,,,,,,,,,,,,,,,,,,,,,,,,,,,,,,,,,,,,
EC,02/10/2021,15:00,Barnet,Halifax,,,,,,,3.6,3.5,2,,,,3.2,3.3,2.05,3.4,3.56,2.08,3.3,3.4,2,3.3,3.5,2,3.6,3.68,2.1,3.31,3.49,2.04,1.7,2.1,1.72,2.1,1.76,2.15,1.7,2.08,0.25,2.02,1.77,2.03,1.81,2.05,1.81,2.01,1.78,,,,,,,,,,,,,,,,,,,,,,,,,,,,,,,,,,,,,,,,,
EC,02/10/2021,15:00,Dag and Red,Altrincham,,,,,,,1.55,4,6,,,,1.55,3.85,5,1.56,4.14,5.57,1.6,3.6,5,1.57,3.8,5.25,1.62,4.2,6,1.56,4.01,5.3,1.75,2.05,1.74,2.08,1.83,2.12,1.73,2.04,-1,1.95,1.85,1.97,1.85,2.01,1.9,1.94,1.85,,,,,,,,,,,,,,,,,,,,,,,,,,,,,,,,,,,,,,,,,
EC,02/10/2021,15:00,Grimsby,Dover Athletic,,,,,,,1.4,4.33,7.5,,,,1.45,4.1,6,1.44,4.38,7.07,1.38,4.2,7.5,1.4,4.33,7,1.45,4.8,7.8,1.41,4.47,6.84,1.72,2.07,1.74,2.08,1.76,2.15,1.71,2.06,-1.25,2.02,1.77,2.06,1.78,2.06,1.89,1.99,1.81,,,,,,,,,,,,,,,,,,,,,,,,,,,,,,,,,,,,,,,,,
EC,02/10/2021,15:00,Maidenhead,King’s Lynn,,,,,,,2.05,3.4,3.5,,,,2.1,3.4,3.15,2.08,3.65,3.3,2,3.5,3.2,2.05,3.5,3.13,2.12,3.75,3.5,2.06,3.57,3.2,1.7,2.1,1.69,2.15,1.74,2.2,1.67,2.12,-0.25,1.8,2,1.82,2.01,1.85,2.03,1.8,1.99,,,,,,,,,,,,,,,,,,,,,,,,,,,,,,,,,,,,,,,,,
EC,02/10/2021,15:00,Notts County,Woking,,,,,,,1.9,3.5,4,,,,1.95,3.25,3.65,1.98,3.44,3.82,1.83,3.4,3.9,1.9,3.5,3.6,2,3.75,4,1.94,3.46,3.67,1.8,2,1.81,2.01,1.84,2.05,1.77,1.98,-0.5,1.93,1.88,1.98,1.84,2,1.96,1.93,1.86,,,,,,,,,,,,,,,,,,,,,,,,,,,,,,,,,,,,,,,,,
EC,02/10/2021,15:00,Solihull,Southend,,,,,,,2,3.5,3.6,,,,1.9,3.4,3.5,1.91,3.65,3.84,1.91,3.3,3.6,1.95,3.4,3.5,2.04,3.74,3.86,1.94,3.54,3.59,1.9,1.9,1.88,1.92,1.93,1.94,1.87,1.88,-0.5,1.98,1.83,1.91,1.91,2.04,1.91,1.96,1.84,,,,,,,,,,,,,,,,,,,,,,,,,,,,,,,,,,,,,,,,,
EC,02/10/2021,15:00,Torquay,Wealdstone,,,,,,,1.7,4,4.33,,,,1.73,3.55,4.2,1.71,3.89,4.56,1.75,3.4,4.2,1.67,3.8,4.4,1.84,4,4.6,1.72,3.77,4.3,1.7,2.1,1.69,2.14,1.82,2.17,1.7,2.09,-0.75,1.9,1.9,1.93,1.89,1.95,1.95,1.9,1.89,,,,,,,,,,,,,,,,,,,,,,,,,,,,,,,,,,,,,,,,,
EC,02/10/2021,15:00,Weymouth,Stockport,,,,,,,5.5,4,1.57,,,,4.7,3.8,1.63,5.02,3.92,1.65,5,3.6,1.6,5,3.9,1.57,5.5,4,1.68,4.9,3.9,1.62,1.7,2.1,1.84,1.97,1.85,2.1,1.78,1.97,1,1.8,2,1.74,2.1,1.82,2.14,1.76,2.05,,,,,,,,,,,,,,,,,,,,,,,,,,,,,,,,,,,,,,,,,
EC,02/10/2021,17:20,Eastleigh,Boreham Wood,,,,,,,2.9,3.4,2.3,,,,2.65,3.4,2.3,2.8,3.64,2.36,2.55,3.25,2.5,2.6,3.4,2.45,2.9,3.77,2.63,2.68,3.51,2.38,1.72,2.07,1.72,2.1,1.78,2.2,1.71,2.07,0,2.1,1.7,2.08,1.75,2.1,1.89,2.03,1.77,,,,,,,,,,,,,,,,,,,,,,,,,,,,,,,,,,,,,,,,,
F1,01/10/2021,20:00,Lens,Reims,,,,,,,1.72,3.5,5,1.75,3.6,5,1.77,3.55,4.8,1.81,3.56,5.2,1.75,3.5,4.6,1.75,3.7,4.8,1.88,3.92,5.2,1.79,3.58,4.82,2.1,1.72,2.19,1.75,2.2,1.94,2.06,1.78,-0.75,2.07,1.86,2.09,1.85,2.1,1.9,2.04,1.84,,,,,,,,,,,,,,,,,,,,,,,,,,,,,,,,,,,,,,,,,
F1,02/10/2021,16:00,Montpellier,Strasbourg,,,,,,,2.4,3.6,2.8,2.35,3.6,2.9,2.4,3.5,2.85,2.46,3.59,2.97,2.35,3.5,2.8,2.38,3.5,2.8,2.5,3.77,3,2.41,3.52,2.87,1.72,2.1,1.78,2.13,1.81,2.25,1.73,2.13,-0.25,2.1,1.83,2.12,1.82,2.14,1.84,2.1,1.79,,,,,,,,,,,,,,,,,,,,,,,,,,,,,,,,,,,,,,,,,
F1,02/10/2021,20:00,Nice,Brest,,,,,,,1.55,4.5,5.5,1.6,4.4,5,1.57,4.3,5.5,1.58,4.57,5.78,1.55,4.2,5.25,1.55,4.2,5.75,1.62,4.6,5.9,1.57,4.36,5.52,1.66,2.2,1.71,2.26,1.78,2.27,1.69,2.19,-1,2.02,1.91,2,1.93,2.04,1.94,1.98,1.89,,,,,,,,,,,,,,,,,,,,,,,,,,,,,,,,,,,,,,,,,
F1,03/10/2021,12:00,Rennes,Paris SG,,,,,,,5.5,4.5,1.55,5,4.6,1.57,5.75,4.5,1.53,5.67,4.85,1.56,5.25,4.33,1.53,5.75,4.33,1.53,5.75,4.9,1.61,5.41,4.55,1.56,1.57,2.37,1.64,2.39,1.65,2.45,1.59,2.38,1,1.98,1.95,2.01,1.92,2.01,2.02,1.94,1.92,,,,,,,,,,,,,,,,,,,,,,,,,,,,,,,,,,,,,,,,,
F1,03/10/2021,14:00,Angers,Metz,,,,,,,1.95,3.3,4.2,2,3.3,4,1.97,3.35,4.1,2,3.39,4.38,1.91,3.2,4.2,1.95,3.3,4.1,2.04,3.52,4.4,1.98,3.35,4.09,2.3,1.61,2.35,1.66,2.35,1.7,2.25,1.66,-0.5,2.01,1.92,2,1.93,2.02,1.94,1.98,1.88,,,,,,,,,,,,,,,,,,,,,,,,,,,,,,,,,,,,,,,,,
F1,03/10/2021,14:00,Lorient,Clermont,,,,,,,2.4,3.5,2.8,2.45,3.4,2.9,2.45,3.35,2.9,2.54,3.41,2.99,2.38,3.3,2.88,2.45,3.3,2.88,2.54,3.62,3.01,2.45,3.38,2.92,1.9,1.9,1.94,1.96,2.03,1.98,1.93,1.9,-0.25,2.08,1.73,2.16,1.78,2.17,1.83,2.11,1.77,,,,,,,,,,,,,,,,,,,,,,,,,,,,,,,,,,,,,,,,,
F1,03/10/2021,14:00,Monaco,Bordeaux,,,,,,,1.36,5,8,1.42,5,7,1.4,5,7.75,1.4,5.2,8.58,1.36,4.75,8,1.36,4.8,8.5,1.45,5.35,9,1.39,4.96,8.02,1.66,2.2,1.67,2.33,1.71,2.41,1.65,2.27,-1.25,1.87,2.06,1.88,2.05,1.91,2.08,1.86,2.02,,,,,,,,,,,,,,,,,,,,,,,,,,,,,,,,,,,,,,,,,
F1,03/10/2021,14:00,Nantes,Troyes,,,,,,,1.75,3.5,5,1.83,3.6,4.5,1.8,3.6,4.7,1.79,3.76,5.05,1.75,3.5,4.75,1.75,3.5,4.75,1.87,3.78,5.07,1.79,3.61,4.72,2.1,1.72,2.1,1.81,2.19,1.82,2.09,1.76,-0.75,2.07,1.86,2.06,1.87,2.13,1.88,2.05,1.83,,,,,,,,,,,,,,,,,,,,,,,,,,,,,,,,,,,,,,,,,
F1,03/10/2021,16:00,Lille,Marseille,,,,,,,2.45,3.3,3,2.45,3.3,2.95,2.45,3.25,2.95,2.52,3.34,3.07,2.45,3.2,2.88,2.4,3.25,3,2.54,3.52,3.1,2.47,3.29,2.97,2,1.8,2.13,1.79,2.15,1.86,2.08,1.77,-0.25,2.14,1.8,2.15,1.8,2.16,1.84,2.11,1.78,,,,,,,,,,,,,,,,,,,,,,,,,,,,,,,,,,,,,,,,,
F1,03/10/2021,19:45,St Etienne,Lyon,,,,,,,4.33,4,1.75,4.25,3.9,1.78,4.4,4.1,1.73,4.7,4.04,1.78,4.33,3.75,1.75,4.33,4,1.73,4.7,4.28,1.85,4.35,3.97,1.77,1.57,2.37,1.59,2.49,1.64,2.52,1.58,2.41,0.75,1.94,1.99,1.94,1.98,1.96,2.03,1.89,1.98,,,,,,,,,,,,,,,,,,,,,,,,,,,,,,,,,,,,,,,,,
F2,02/10/2021,14:00,Amiens,Toulouse,,,,,,,4.5,3.5,1.8,4.5,3.3,1.82,4.3,3.45,1.8,4.76,3.48,1.82,5,3.25,1.75,5.25,3.4,1.75,5.26,3.58,1.84,4.71,3.4,1.79,2.15,1.66,2.22,1.67,2.28,1.72,2.18,1.66,0.75,1.77,2.02,1.78,2.07,1.88,2.08,1.8,2.02,,,,,,,,,,,,,,,,,,,,,,,,,,,,,,,,,,,,,,,,,
F2,02/10/2021,14:00,Auxerre,Nimes,,,,,,,1.72,3.6,4.33,1.83,3.4,4.2,1.9,3.4,4,1.85,3.51,4.47,1.85,3.25,4.33,1.85,3.4,4.5,1.92,3.6,4.5,1.86,3.42,4.25,2.1,1.7,2.15,1.72,2.31,1.76,2.14,1.69,-0.5,1.8,2.05,1.85,2,1.9,2.09,1.84,1.99,,,,,,,,,,,,,,,,,,,,,,,,,,,,,,,,,,,,,,,,,
F2,02/10/2021,18:00,Ajaccio,Quevilly Rouen,,,,,,,1.66,3.5,4.5,1.8,3.3,4.6,1.73,3.35,4.7,1.76,3.45,5.29,1.73,3.2,5.25,1.73,3.4,5.5,1.83,3.52,5.5,1.75,3.38,5,2.25,1.61,2.28,1.64,2.37,1.68,2.26,1.62,-0.75,2,1.85,2.03,1.83,2.07,1.89,2,1.84,,,,,,,,,,,,,,,,,,,,,,,,,,,,,,,,,,,,,,,,,
F2,02/10/2021,18:00,Caen,Valenciennes,,,,,,,2,3.3,3.6,2.1,3.2,3.4,2.1,3.15,3.45,2.11,3.18,3.88,2.1,3,3.75,2.1,3.2,3.75,2.21,3.3,3.94,2.11,3.15,3.65,2.15,1.66,2.26,1.65,2.41,1.71,2.22,1.64,-0.25,1.8,2.05,1.8,2.07,1.88,2.12,1.81,2.03,,,,,,,,,,,,,,,,,,,,,,,,,,,,,,,,,,,,,,,,,
F2,02/10/2021,18:00,Dunkerque,Bastia,,,,,,,3.1,2.8,2.4,3.1,2.7,2.6,2.9,2.8,2.55,3.13,2.81,2.71,3,2.8,2.55,3,3,2.6,3.16,3,2.73,3,2.84,2.62,2.4,1.53,2.48,1.55,2.5,1.63,2.39,1.55,0,2.1,1.77,2.08,1.79,2.14,1.85,2.05,1.79,,,,,,,,,,,,,,,,,,,,,,,,,,,,,,,,,,,,,,,,,
F2,02/10/2021,18:00,Grenoble,Pau FC,,,,,,,2.3,3.2,3,2.35,3.25,2.95,2.35,3.1,2.95,2.44,3.17,3.13,2.38,3,3.1,2.38,3.1,3.2,2.48,3.25,3.2,2.39,3.14,3.04,2.1,1.7,2.15,1.71,2.15,1.79,2.09,1.72,-0.25,2.02,1.83,2.08,1.79,2.11,1.89,2.05,1.8,,,,,,,,,,,,,,,,,,,,,,,,,,,,,,,,,,,,,,,,,
F2,02/10/2021,18:00,Guingamp,Rodez,,,,,,,2.3,3,3,2.45,3,3,2.35,2.95,3.1,2.43,2.99,3.35,2.4,2.8,3.25,2.4,2.9,3.4,2.65,3.03,3.4,2.42,2.94,3.18,2.5,1.5,2.59,1.51,2.59,1.57,2.47,1.52,-0.25,2.02,1.83,2.04,1.82,2.15,1.87,2.05,1.8,,,,,,,,,,,,,,,,,,,,,,,,,,,,,,,,,,,,,,,,,
F2,02/10/2021,18:00,Le Havre,Dijon,,,,,,,2.3,3.25,2.87,2.3,3,3.2,2.35,3.05,3.05,2.46,3.03,3.25,2.38,3,3.1,2.4,3,3.25,2.48,3.25,3.4,2.37,3.04,3.17,2.35,1.57,2.41,1.58,2.51,1.62,2.38,1.56,-0.25,2.05,1.8,2.07,1.79,2.11,1.9,2.02,1.82,,,,,,,,,,,,,,,,,,,,,,,,,,,,,,,,,,,,,,,,,
F2,02/10/2021,18:00,Paris FC,Nancy,,,,,,,1.66,3.75,4.75,1.73,3.7,4.4,1.7,3.5,4.7,1.72,3.58,5.35,1.7,3.3,5.25,1.73,3.5,5.25,1.8,3.75,5.4,1.73,3.52,4.91,2.05,1.75,2.03,1.81,2.14,1.82,2.04,1.76,-0.75,1.95,1.9,1.97,1.88,2.05,1.93,1.97,1.87,,,,,,,,,,,,,,,,,,,,,,,,,,,,,,,,,,,,,,,,,
F2,02/10/2021,18:00,Sochaux,Niort,,,,,,,1.66,3.5,4.75,1.71,3.4,5,1.67,3.5,5,1.68,3.59,5.66,1.65,3.3,5.8,1.67,3.5,6,1.77,3.66,6,1.69,3.47,5.29,2.25,1.61,2.29,1.64,2.39,1.71,2.26,1.62,-0.75,1.9,1.95,1.93,1.93,1.99,2,1.92,1.91,,,,,,,,,,,,,,,,,,,,,,,,,,,,,,,,,,,,,,,,,
G1,02/10/2021,14:00,Volos NFC,Asteras Tripolis,,,,,,,2.8,3.1,2.7,2.7,2.7,2.95,2.7,2.95,2.9,2.72,2.84,2.98,2.6,2.9,2.87,2.7,2.9,2.8,2.8,3.2,3.01,2.67,2.91,2.85,2.35,1.57,2.48,1.53,2.51,1.59,2.42,1.54,0,1.98,1.88,1.82,2,1.98,2.03,1.85,1.96,,,,,,,,,,,,,,,,,,,,,,,,,,,,,,,,,,,,,,,,,
G1,02/10/2021,18:30,Aris,Apollon,,,,,,,1.36,4.75,9,1.39,4.6,7.5,1.43,4.5,7.75,1.33,5,8.83,1.36,4.4,8.5,1.36,4.33,8.5,1.43,5.2,9.2,1.37,4.62,8.11,2,1.85,1.99,1.82,2.06,1.87,1.98,1.81,-1.25,,,1.97,1.85,2.02,1.92,1.95,1.86,,,,,,,,,,,,,,,,,,,,,,,,,,,,,,,,,,,,,,,,,
G1,03/10/2021,14:00,Atromitos,Giannina,,,,,,,2.37,3.1,3.25,2.4,3.1,2.95,2.45,3.15,3.05,2.47,3.09,3.06,2.45,2.9,3.1,2.38,3.1,3,2.51,3.25,3.25,2.41,3.08,3.01,2.3,1.6,2.21,1.66,2.31,1.74,2.22,1.64,-0.25,2.02,1.83,2.1,1.75,2.13,1.87,2.05,1.78,,,,,,,,,,,,,,,,,,,,,,,,,,,,,,,,,,,,,,,,,
G1,03/10/2021,14:00,Panetolikos,AEK,,,,,,,6,4,1.57,5.5,3.9,1.58,5.75,3.85,1.6,5.84,3.74,1.61,5.5,3.6,1.6,5.75,3.7,1.6,6,4,1.64,5.58,3.75,1.6,2.07,1.72,2.08,1.74,2.13,1.84,2.06,1.74,0.75,2.05,1.8,2.05,1.79,2.08,1.84,2.03,1.78,,,,,,,,,,,,,,,,,,,,,,,,,,,,,,,,,,,,,,,,,
G1,03/10/2021,16:15,OFI Crete,PAOK,,,,,,,5.5,3.4,1.72,5,3.3,1.73,5.5,3.45,1.73,5.54,3.4,1.71,5.25,3.3,1.7,5.25,3.3,1.73,5.71,3.59,1.75,5.18,3.38,1.72,2.25,1.61,2.34,1.59,2.39,1.64,2.32,1.58,0.75,1.88,1.98,1.88,1.94,1.91,2.01,1.86,1.95,,,,,,,,,,,,,,,,,,,,,,,,,,,,,,,,,,,,,,,,,
G1,03/10/2021,18:30,Ionikos,Lamia,,,,,,,2.5,2.9,3.25,2.45,2.95,3,2.55,2.95,3.1,2.56,2.93,3.11,2.5,2.9,3,2.45,2.9,3.13,2.56,3.13,3.25,2.49,2.95,3.04,2.6,1.47,2.69,1.46,2.77,1.53,2.63,1.46,-0.25,2.1,1.77,2.14,1.71,2.14,1.82,2.1,1.74,,,,,,,,,,,,,,,,,,,,,,,,,,,,,,,,,,,,,,,,,
G1,03/10/2021,18:30,Olympiakos,Panathinaikos,,,,,,,1.44,4.2,8.5,1.46,4.33,6.5,1.5,4.1,7,1.41,4.51,7.45,1.44,4,7.5,1.45,4,7.5,1.5,4.6,8.5,1.44,4.23,7.28,2.07,1.72,2.06,1.75,2.15,1.79,2.08,1.73,-1,1.8,2.05,1.79,2.04,1.87,2.13,1.78,2.05,,,,,,,,,,,,,,,,,,,,,,,,,,,,,,,,,,,,,,,,,
I1,01/10/2021,19:45,Cagliari,Venezia,,,,,,,1.85,3.5,4.33,1.85,3.5,4.5,1.9,3.55,4.3,1.9,3.6,4.54,1.83,3.5,4.6,1.85,3.4,4.5,1.95,3.7,4.72,1.88,3.54,4.39,2.07,1.83,2.07,1.85,2.09,1.91,2,1.84,-0.5,1.9,2.03,1.9,2.02,1.93,2.05,1.89,2,,,,,,,,,,,,,,,,,,,,,,,,,,,,,,,,,,,,,,,,,
I1,02/10/2021,14:00,Salernitana,Genoa,,,,,,,2.87,3.3,2.45,2.95,3.25,2.5,2.95,3.2,2.5,3.04,3.31,2.56,3,3.2,2.5,2.9,3.13,2.5,3.07,3.42,2.6,2.96,3.24,2.51,2.03,1.87,2.02,1.88,2.11,1.89,2.01,1.83,0.25,1.73,2.08,1.78,2.17,1.81,2.17,1.76,2.14,,,,,,,,,,,,,,,,,,,,,,,,,,,,,,,,,,,,,,,,,
I1,02/10/2021,17:00,Torino,Juventus,,,,,,,4.5,3.5,1.8,4.2,3.4,1.9,4.5,3.55,1.83,4.72,3.7,1.85,4.4,3.4,1.88,4.5,3.4,1.83,4.76,3.7,1.95,4.46,3.53,1.86,1.96,1.94,1.96,1.94,2,2.05,1.91,1.92,0.5,2.07,1.86,2.08,1.84,2.09,1.93,2.02,1.86,,,,,,,,,,,,,,,,,,,,,,,,,,,,,,,,,,,,,,,,,
I1,02/10/2021,19:45,Sassuolo,Inter,,,,,,,4.33,4.2,1.7,4.33,4.2,1.72,4.5,4.1,1.7,4.59,4.48,1.71,4.33,4.2,1.72,4.75,3.9,1.7,4.75,4.5,1.78,4.47,4.24,1.71,1.5,2.62,1.5,2.71,1.54,2.71,1.5,2.59,0.75,2,1.93,2.02,1.91,2.02,1.96,1.98,1.9,,,,,,,,,,,,,,,,,,,,,,,,,,,,,,,,,,,,,,,,,
I1,03/10/2021,11:30,Bologna,Lazio,,,,,,,3.1,3.6,2.2,3.3,3.6,2.15,3.15,3.55,2.2,3.27,3.64,2.27,3.2,3.5,2.2,3.2,3.4,2.2,3.4,3.75,2.28,3.21,3.58,2.21,1.66,2.2,1.7,2.27,1.72,2.33,1.66,2.24,0.25,1.96,1.97,1.96,1.96,1.99,1.98,1.95,1.92,,,,,,,,,,,,,,,,,,,,,,,,,,,,,,,,,,,,,,,,,
I1,03/10/2021,14:00,Sampdoria,Udinese,,,,,,,2.1,3.5,3.5,2.15,3.3,3.6,2.2,3.3,3.45,2.22,3.37,3.62,2.15,3.4,3.5,2.1,3.3,3.5,2.25,3.63,3.64,2.18,3.36,3.49,1.9,1.9,1.93,1.97,1.95,2.05,1.87,1.95,-0.25,1.87,2.06,1.9,2.03,1.91,2.08,1.87,2.01,,,,,,,,,,,,,,,,,,,,,,,,,,,,,,,,,,,,,,,,,
I1,03/10/2021,14:00,Verona,Spezia,,,,,,,1.65,4,5.25,1.7,4,4.75,1.65,4.2,4.8,1.67,4.35,5.09,1.66,4,5,1.62,3.9,5.25,1.75,4.35,5.25,1.67,4.14,4.89,1.66,2.2,1.64,2.39,1.73,2.39,1.65,2.27,-0.75,1.86,2.07,1.87,2.07,1.91,2.11,1.85,2.04,,,,,,,,,,,,,,,,,,,,,,,,,,,,,,,,,,,,,,,,,
I1,03/10/2021,17:00,Fiorentina,Napoli,,,,,,,3.9,3.5,1.95,4.1,3.5,1.91,3.75,3.6,1.97,4.06,3.53,2.03,3.9,3.4,2,3.9,3.5,1.93,4.15,3.66,2.05,3.92,3.52,1.98,1.72,2.1,1.77,2.16,1.85,2.18,1.76,2.1,0.5,1.92,2.01,1.9,2.03,1.97,2.05,1.89,1.99,,,,,,,,,,,,,,,,,,,,,,,,,,,,,,,,,,,,,,,,,
I1,03/10/2021,17:00,Roma,Empoli,,,,,,,1.4,5,7,1.42,5,6.75,1.4,4.9,7.5,1.45,5.42,6.69,1.42,5,7,1.36,5,8,1.47,5.5,8,1.42,5.15,6.73,1.36,3.2,1.42,3.05,1.43,3.2,1.39,3,-1.25,1.88,2.05,1.9,2.02,1.91,2.07,1.87,2.01,,,,,,,,,,,,,,,,,,,,,,,,,,,,,,,,,,,,,,,,,
I1,03/10/2021,19:45,Atalanta,Milan,,,,,,,2.05,3.75,3.4,2.1,3.6,3.4,2.15,3.5,3.4,2.19,3.72,3.36,2.1,3.6,3.4,2.1,3.5,3.4,2.2,3.77,3.58,2.13,3.64,3.34,1.66,2.2,1.69,2.28,1.74,2.35,1.67,2.23,-0.25,1.87,2.06,1.9,2.02,1.9,2.08,1.86,2.03,,,,,,,,,,,,,,,,,,,,,,,,,,,,,,,,,,,,,,,,,
I2,01/10/2021,19:30,Lecce,Monza,,,,,,,1.9,3.5,3.8,2,3.25,3.75,2,3.4,3.6,2,3.58,4.02,2.15,3.1,3.6,2,3.5,3.8,2.05,3.64,4.02,1.99,3.41,3.72,1.8,2,1.85,2.04,1.9,2.04,1.83,1.96,-0.5,1.95,1.9,2,1.91,2.02,1.94,1.97,1.85,,,,,,,,,,,,,,,,,,,,,,,,,,,,,,,,,,,,,,,,,
I2,02/10/2021,13:00,Alessandria,Cosenza,,,,,,,2,3.2,3.8,2,3.25,3.75,2.05,3.25,3.55,2.1,3.29,4.03,2.05,3.1,3.8,2.1,3.2,3.8,2.1,3.48,4.03,2.06,3.23,3.71,2.07,1.72,2.13,1.77,2.18,1.87,2.05,1.76,-0.5,2.05,1.75,2.1,1.83,2.12,1.86,2.04,1.78,,,,,,,,,,,,,,,,,,,,,,,,,,,,,,,,,,,,,,,,,
I2,02/10/2021,13:00,Cremonese,Ternana,,,,,,,1.95,3.4,3.5,1.95,3.2,4,2.05,3.15,3.6,2.1,3.22,4.12,2.05,3.1,3.8,2.05,3.25,3.9,2.15,3.49,4.12,2.05,3.21,3.74,2,1.8,2.07,1.83,2.07,1.89,1.99,1.81,-0.5,2.05,1.8,2.1,1.82,2.1,1.86,2.04,1.79,,,,,,,,,,,,,,,,,,,,,,,,,,,,,,,,,,,,,,,,,
I2,02/10/2021,13:00,Crotone,Ascoli,,,,,,,2.1,3.2,3.3,2.1,3.5,3.25,2.15,3.4,3.05,2.23,3.58,3.34,2.2,3.3,3.2,2.2,3.3,3.4,2.23,3.65,3.4,2.17,3.42,3.17,1.85,1.95,1.93,1.96,1.93,2.01,1.86,1.93,-0.25,1.9,1.95,1.93,1.98,2,2,1.91,1.94,,,,,,,,,,,,,,,,,,,,,,,,,,,,,,,,,,,,,,,,,
I2,02/10/2021,13:00,Frosinone,Cittadella,,,,,,,2,3.2,4,2.1,3.1,3.7,2.05,3.15,3.55,2.12,3.24,4.02,2.1,3.1,3.7,2.1,3.25,3.75,2.15,3.45,4.02,2.09,3.18,3.67,2,1.8,2.08,1.82,2.08,1.86,2.02,1.78,-0.25,1.8,2.05,1.79,2.12,1.84,2.12,1.8,2.06,,,,,,,,,,,,,,,,,,,,,,,,,,,,,,,,,,,,,,,,,
I2,02/10/2021,15:15,Pisa,Reggina,,,,,,,2.2,3.1,3.2,2.25,2.95,3.5,2.25,3,3.2,2.35,3.04,3.65,2.25,3,3.4,2.3,3.1,3.4,2.36,3.33,3.65,2.28,3.03,3.36,2.15,1.66,2.26,1.69,2.26,1.73,2.16,1.68,-0.25,1.95,1.9,1.98,1.93,2.03,1.96,1.96,1.89,,,,,,,,,,,,,,,,,,,,,,,,,,,,,,,,,,,,,,,,,
I2,02/10/2021,17:30,Spal,Parma,,,,,,,2.2,3.1,3.2,2.3,3.1,3.2,2.4,3.15,3,2.46,3.21,3.24,2.35,3,3.2,2.38,3.2,3.2,2.47,3.44,3.24,2.35,3.15,3.1,1.95,1.85,1.99,1.9,2.03,1.91,1.95,1.85,-0.25,2.02,1.83,2.09,1.83,2.11,1.9,2.02,1.83,,,,,,,,,,,,,,,,,,,,,,,,,,,,,,,,,,,,,,,,,
I2,03/10/2021,13:00,Brescia,Como,,,,,,,1.65,3.6,4.75,1.68,3.7,4.8,1.73,3.6,4.7,1.72,3.77,5.38,1.67,3.5,5.5,1.7,3.6,5.5,1.74,3.88,5.5,1.7,3.66,4.92,1.8,2,1.88,2.02,1.88,2.05,1.83,1.96,-0.75,1.93,1.93,1.94,1.96,1.98,1.98,1.92,1.93,,,,,,,,,,,,,,,,,,,,,,,,,,,,,,,,,,,,,,,,,
I2,03/10/2021,15:15,Pordenone,Vicenza,,,,,,,2.1,2.9,3.75,2.2,2.9,3.7,2.2,2.9,3.45,2.34,2.93,3.86,2.25,2.9,3.6,2.25,3,3.7,2.35,3.22,3.86,2.24,2.93,3.58,2.35,1.57,2.45,1.6,2.45,1.64,2.33,1.59,-0.25,1.9,1.95,1.95,1.95,1.95,2,1.91,1.93,,,,,,,,,,,,,,,,,,,,,,,,,,,,,,,,,,,,,,,,,
I2,03/10/2021,19:30,Benevento,Perugia,,,,,,,2,3.2,3.6,2,3.25,3.75,2.1,3.25,3.6,2.06,3.36,4,2.05,3.1,3.8,2.1,3.25,3.75,2.13,3.5,4,2.05,3.26,3.68,2,1.8,2.02,1.87,2.07,1.87,1.99,1.81,-0.25,1.8,2.05,1.75,2.16,1.85,2.16,1.78,2.09,,,,,,,,,,,,,,,,,,,,,,,,,,,,,,,,,,,,,,,,,
N1,01/10/2021,19:00,Groningen,Twente,,,,,,,2.62,3.4,2.62,2.65,3.4,2.6,2.6,3.25,2.5,2.8,3.38,2.67,2.55,3.25,2.7,2.7,3.3,2.6,2.8,3.48,2.75,2.69,3.33,2.62,1.9,1.9,1.93,1.95,1.98,1.96,1.9,1.9,0,1.99,1.91,2,1.91,2.04,1.98,1.96,1.89,,,,,,,,,,,,,,,,,,,,,,,,,,,,,,,,,,,,,,,,,
N1,02/10/2021,17:45,Waalwijk,Go Ahead Eagles,,,,,,,2.15,3.5,3.2,2.2,3.5,3.1,2.2,3.5,2.9,2.35,3.64,3.06,2.3,3.4,2.9,2.25,3.5,3,2.38,3.68,3.2,2.27,3.55,3,1.66,2.15,1.7,2.24,1.73,2.25,1.68,2.18,-0.25,2.02,1.88,2.03,1.88,2.06,1.93,1.99,1.87,,,,,,,,,,,,,,,,,,,,,,,,,,,,,,,,,,,,,,,,,
N1,02/10/2021,19:00,Heracles,Willem II,,,,,,,1.83,3.6,4,1.9,3.6,3.8,1.95,3.65,3.6,1.91,3.95,3.96,1.88,3.6,3.8,1.87,3.6,4,2.05,3.95,4.12,1.9,3.75,3.81,1.8,2,1.82,2.07,1.89,2.09,1.82,1.99,-0.5,1.89,2.01,1.91,1.99,1.95,2.06,1.89,1.97,,,,,,,,,,,,,,,,,,,,,,,,,,,,,,,,,,,,,,,,,
N1,02/10/2021,19:00,Zwolle,Heerenveen,,,,,,,2.8,3.4,2.37,2.85,3.2,2.5,2.7,3.2,2.45,2.91,3.3,2.62,2.88,3.2,2.45,2.8,3.3,2.45,2.95,3.52,2.7,2.84,3.28,2.5,1.95,1.85,1.96,1.93,2.03,1.94,1.94,1.87,0,2.06,1.84,2.06,1.85,2.13,1.88,2.06,1.81,,,,,,,,,,,,,,,,,,,,,,,,,,,,,,,,,,,,,,,,,
N1,02/10/2021,20:00,For Sittard,Nijmegen,,,,,,,2.37,3.5,2.9,2.3,3.5,2.9,2.4,3.35,2.7,2.51,3.54,2.88,2.45,3.3,2.75,2.45,3.4,2.8,2.55,3.58,3.15,2.42,3.46,2.83,1.8,2,1.85,2.05,1.89,2.09,1.8,2.01,-0.25,2.08,1.73,2.16,1.77,2.18,1.82,2.1,1.77,,,,,,,,,,,,,,,,,,,,,,,,,,,,,,,,,,,,,,,,,
N1,03/10/2021,13:30,Ajax,Utrecht,,,,,,,1.14,7.5,17,1.19,7.5,13,1.17,8,12,1.18,7.95,15.1,1.17,7,15,1.15,7.5,15,1.23,8.37,17,1.18,7.56,14.03,1.25,4,1.27,3.92,1.3,4,1.27,3.74,-2.25,1.99,1.91,1.99,1.9,2.1,1.95,1.98,1.87,,,,,,,,,,,,,,,,,,,,,,,,,,,,,,,,,,,,,,,,,
N1,03/10/2021,13:30,Cambuur,AZ Alkmaar,,,,,,,3.6,4,1.83,3.9,3.9,1.83,3.7,3.85,1.83,4.05,4.14,1.85,4,3.75,1.8,3.9,3.9,1.8,4.5,4.14,1.87,3.91,3.95,1.83,1.53,2.4,1.55,2.56,1.62,2.6,1.54,2.43,0.5,2.06,1.84,2.07,1.85,2.08,1.87,2.02,1.84,,,,,,,,,,,,,,,,,,,,,,,,,,,,,,,,,,,,,,,,,
N1,03/10/2021,15:45,Vitesse,Feyenoord,,,,,,,3.75,3.6,1.95,3.3,3.7,2.05,3.2,3.85,2.05,3.46,4.14,2.01,3.4,3.8,1.95,3.4,3.75,1.95,3.75,4.2,2.05,3.4,3.91,1.98,1.6,2.3,1.61,2.42,1.64,2.45,1.59,2.33,0.5,1.89,2.01,1.9,2.01,1.92,2.03,1.87,1.99,,,,,,,,,,,,,,,,,,,,,,,,,,,,,,,,,,,,,,,,,
N1,03/10/2021,19:00,PSV Eindhoven,Sparta Rotterdam,,,,,,,1.2,6.5,13,1.21,7,12.5,1.2,7,12,1.21,7.28,14.42,1.18,6.5,15,1.18,6.5,15,1.25,7.5,15,1.2,6.8,13.29,1.44,2.7,1.46,2.81,1.51,2.85,1.46,2.68,-2,2.02,1.88,2.02,1.87,2.11,1.89,2.01,1.84,,,,,,,,,,,,,,,,,,,,,,,,,,,,,,,,,,,,,,,,,
P1,01/10/2021,19:00,Maritimo,Moreirense,,,,,,,2.1,3.2,3.6,2.15,3.25,3.4,2.25,3.2,3.4,2.26,3.25,3.59,2.2,3.2,3.3,2.15,3.2,3.4,2.34,3.38,3.6,2.21,3.22,3.4,2.2,1.65,2.31,1.66,2.31,1.74,2.22,1.66,-0.25,1.91,1.99,1.93,1.98,1.93,2.03,1.9,1.95,,,,,,,,,,,,,,,,,,,,,,,,,,,,,,,,,,,,,,,,,
P1,01/10/2021,21:15,Famalicao,Guimaraes,,,,,,,2.5,3.2,2.87,2.55,3.4,2.55,2.5,3.3,2.85,2.54,3.47,2.89,2.45,3.25,2.8,2.45,3.4,2.75,2.57,3.52,2.95,2.5,3.35,2.79,1.9,1.9,1.96,1.93,2,1.97,1.92,1.89,0,1.83,2.07,1.83,2.09,1.88,2.09,1.82,2.04,,,,,,,,,,,,,,,,,,,,,,,,,,,,,,,,,,,,,,,,,
P1,02/10/2021,15:30,Vizela,Santa Clara,,,,,,,2.37,3.2,3,2.45,3.1,2.87,2.5,3.2,2.95,2.56,3.21,3.08,2.45,3.1,3,2.5,3.13,2.88,2.63,3.3,3.08,2.48,3.17,2.95,2.25,1.61,2.31,1.66,2.36,1.76,2.26,1.63,0,1.79,2.11,1.79,2.15,1.83,2.15,1.78,2.1,,,,,,,,,,,,,,,,,,,,,,,,,,,,,,,,,,,,,,,,,
P1,02/10/2021,18:00,Porto,Pacos Ferreira,,,,,,,1.25,5.5,12,1.25,5.5,12,1.27,5.75,11,1.24,6.39,13.97,1.22,5.5,13,1.22,6,12,1.27,6.5,15,1.24,5.94,11.86,1.65,2.2,1.65,2.31,1.68,2.42,1.64,2.26,-1.75,2.02,1.88,2.05,1.85,2.08,1.92,2.02,1.84,,,,,,,,,,,,,,,,,,,,,,,,,,,,,,,,,,,,,,,,,
P1,02/10/2021,20:30,Arouca,Sp Lisbon,,,,,,,8.5,4.2,1.4,7,3.8,1.42,7.75,4.4,1.43,8.8,4.34,1.45,8.5,4,1.42,8,4.33,1.4,9.5,4.5,1.47,8.08,4.22,1.43,2,1.8,2.01,1.88,2.08,1.93,1.98,1.83,1.25,1.88,2.02,1.89,2.01,1.91,2.07,1.85,2.01,,,,,,,,,,,,,,,,,,,,,,,,,,,,,,,,,,,,,,,,,
P1,03/10/2021,15:30,Belenenses,Tondela,,,,,,,2.4,3.2,2.9,2.4,3.2,2.87,2.5,3.35,2.85,2.53,3.47,2.9,2.45,3.25,2.8,2.4,3.25,2.9,2.6,3.53,3,2.46,3.31,2.85,2.1,1.7,2.12,1.78,2.25,1.79,2.11,1.72,-0.25,2.08,1.82,2.17,1.76,2.17,1.84,2.12,1.76,,,,,,,,,,,,,,,,,,,,,,,,,,,,,,,,,,,,,,,,,
P1,03/10/2021,18:00,Benfica,Portimonense,,,,,,,1.2,6.5,15,1.22,6.25,13,1.22,6.25,13,1.2,7.03,15.76,1.2,6,15,1.2,6.5,13,1.23,7.3,17,1.21,6.48,13.58,1.57,2.35,1.59,2.44,1.64,2.45,1.57,2.36,-1.75,1.87,2.03,1.86,2.03,1.91,2.06,1.84,2,,,,,,,,,,,,,,,,,,,,,,,,,,,,,,,,,,,,,,,,,
P1,03/10/2021,18:00,Estoril,Gil Vicente,,,,,,,2.15,3.1,3.6,2.2,3.2,3.3,2.25,3.2,3.4,2.28,3.35,3.44,2.2,3.1,3.4,2.2,3.13,3.4,2.35,3.38,3.6,2.24,3.21,3.34,2.3,1.6,2.39,1.63,2.44,1.66,2.32,1.59,-0.25,1.95,1.95,1.95,1.95,1.97,1.96,1.93,1.92,,,,,,,,,,,,,,,,,,,,,,,,,,,,,,,,,,,,,,,,,
P1,03/10/2021,20:30,Sp Braga,Boavista,,,,,,,1.44,4.5,6,1.46,4.4,6.5,1.45,4.6,6.75,1.45,4.74,7.57,1.44,4.33,7,1.44,4.4,7,1.51,4.8,7.6,1.45,4.47,6.85,1.72,2.07,1.78,2.13,1.85,2.21,1.75,2.08,-1.25,2.04,1.86,2.07,1.85,2.09,1.9,2.03,1.83,,,,,,,,,,,,,,,,,,,,,,,,,,,,,,,,,,,,,,,,,
SC0,02/10/2021,15:00,Dundee United,Ross County,,,,,,,2.1,3.2,3.75,1.98,3.3,3.7,2.1,3.3,3.6,2.16,3.37,3.71,2.1,3.2,3.5,2.1,3.25,3.6,2.17,3.4,4.1,2.09,3.3,3.61,2.2,1.66,2.24,1.7,2.26,1.72,2.18,1.68,-0.25,1.83,2.02,1.85,2.06,1.86,2.14,1.81,2.04,,,,,,,,,,,,,,,,,,,,,,,,,,,,,,,,,,,,,,,,,
SC0,02/10/2021,15:00,Hearts,Motherwell,,,,,,,1.57,3.8,6,1.57,3.8,5.75,1.6,3.9,5.75,1.62,4.14,5.86,1.55,3.75,5.8,1.6,3.8,6,1.67,4.14,6.2,1.6,3.89,5.62,2,1.8,2.08,1.81,2.17,1.83,2.05,1.77,-1,2.05,1.75,2.15,1.78,2.18,1.83,2.08,1.77,,,,,,,,,,,,,,,,,,,,,,,,,,,,,,,,,,,,,,,,,
SC0,02/10/2021,15:00,Livingston,St Mirren,,,,,,,2.45,3,3.2,2.35,3.2,2.95,2.45,3.15,3.05,2.49,3.24,3.14,2.4,3,3,2.45,3.1,3,2.54,3.26,3.45,2.42,3.14,3.03,2.37,1.57,2.43,1.61,2.45,1.63,2.35,1.58,-0.25,2.1,1.77,2.12,1.81,2.14,1.81,2.07,1.78,,,,,,,,,,,,,,,,,,,,,,,,,,,,,,,,,,,,,,,,,
SC0,02/10/2021,15:00,St Johnstone,Dundee,,,,,,,2,3.1,4.33,1.9,3.3,4,2,3.25,4,2.04,3.35,4.17,1.95,3.2,4,2,3.2,4,2.07,3.4,4.35,1.99,3.26,4.02,2.37,1.57,2.45,1.6,2.48,1.62,2.4,1.57,-0.5,2,1.85,2.04,1.87,2.06,1.9,1.98,1.84,,,,,,,,,,,,,,,,,,,,,,,,,,,,,,,,,,,,,,,,,
SC0,03/10/2021,12:00,Aberdeen,Celtic,,,,,,,6.5,4,1.55,6,3.9,1.55,6,4.1,1.55,6.42,4.03,1.6,6,3.75,1.55,5.75,4,1.53,6.7,4.2,1.6,5.96,3.98,1.56,1.9,1.9,1.94,1.94,1.95,2.02,1.88,1.93,1,1.88,1.98,1.9,2.01,1.96,2.06,1.86,1.98,,,,,,,,,,,,,,,,,,,,,,,,,,,,,,,,,,,,,,,,,
SC0,03/10/2021,15:00,Rangers,Hibernian,,,,,,,1.36,5,7.5,1.34,5,8,1.4,4.9,7.5,1.36,5.3,9.36,1.32,4.75,9,1.36,4.8,7.5,1.4,5.4,11,1.36,4.97,8.2,1.66,2.2,1.72,2.21,1.74,2.21,1.68,2.17,-1.25,1.85,2,1.89,2.02,1.91,2.07,1.85,1.99,,,,,,,,,,,,,,,,,,,,,,,,,,,,,,,,,,,,,,,,,
SC1,02/10/2021,15:00,Hamilton,Inverness C,,,,,,,3.4,3.3,1.95,3.4,3.4,2,3.45,3.25,2.05,3.56,3.43,2.07,3.5,3.2,2,3.3,3.2,2,3.62,3.5,2.1,3.44,3.34,2.04,2.05,1.75,2.05,1.76,2.06,1.89,1.99,1.76,0.25,2.05,1.8,2.05,1.78,2.06,1.84,2.02,1.78,,,,,,,,,,,,,,,,,,,,,,,,,,,,,,,,,,,,,,,,,
SC1,02/10/2021,15:00,Kilmarnock,Raith Rvs,,,,,,,1.7,3.3,4.5,1.7,3.5,4.6,1.77,3.35,4.5,1.78,3.54,4.69,1.73,3.3,4.5,1.7,3.3,4.4,1.8,3.65,4.8,1.76,3.49,4.44,2.07,1.72,2.08,1.74,2.12,1.77,2.05,1.72,-0.75,2.02,1.83,2.05,1.79,2.05,1.83,2,1.8,,,,,,,,,,,,,,,,,,,,,,,,,,,,,,,,,,,,,,,,,
SC1,02/10/2021,15:00,Morton,Arbroath,,,,,,,3.25,3.25,2,3.4,3.2,2.05,3.35,3,2.2,3.48,3.22,2.18,3.3,3,2.15,3.13,3.1,2.1,3.5,3.34,2.25,3.32,3.17,2.16,2.15,1.66,2.18,1.68,2.2,1.71,2.14,1.66,0.25,1.95,1.9,1.95,1.86,2,1.96,1.92,1.87,,,,,,,,,,,,,,,,,,,,,,,,,,,,,,,,,,,,,,,,,
SC1,02/10/2021,15:00,Partick,Ayr,,,,,,,1.85,3.2,3.8,1.93,3.3,3.7,1.95,3.35,3.7,1.93,3.53,3.94,1.95,3.3,3.5,1.87,3.3,3.5,2,3.64,3.94,1.93,3.45,3.67,1.85,1.95,1.88,1.92,1.94,1.95,1.87,1.88,-0.5,1.93,1.93,1.93,1.89,2.01,1.97,1.92,1.87,,,,,,,,,,,,,,,,,,,,,,,,,,,,,,,,,,,,,,,,,
SC1,02/10/2021,15:00,Queen of Sth,Dunfermline,,,,,,,2.3,3.2,2.75,2.4,3.4,2.6,2.4,3.15,2.7,2.49,3.36,2.81,2.4,3.1,2.75,2.38,3.13,2.63,2.5,3.55,2.85,2.41,3.29,2.75,1.95,1.85,1.94,1.86,1.99,1.87,1.93,1.82,0,1.8,2.05,1.8,2.03,1.81,2.12,1.77,2.03,,,,,,,,,,,,,,,,,,,,,,,,,,,,,,,,,,,,,,,,,
SC2,02/10/2021,15:00,Airdrie Utd,Clyde,,,,,,,1.8,3.5,3.8,1.87,3.5,3.5,1.95,3.55,3.4,1.93,3.72,3.45,1.88,3.4,3.6,1.9,3.5,3.75,1.99,3.83,3.9,1.89,3.61,3.53,1.72,2.07,1.73,2.05,1.77,2.15,1.72,2.04,-0.5,1.93,1.93,1.93,1.88,1.95,1.95,1.9,1.87,,,,,,,,,,,,,,,,,,,,,,,,,,,,,,,,,,,,,,,,,
SC2,02/10/2021,15:00,Alloa,Cove Rangers,,,,,,,3.2,3.6,1.9,3,3.6,1.98,3.2,3.25,2.05,3.26,3.35,2.11,3.25,3.3,2.05,3.5,3.4,2,3.8,3.64,2.17,3.29,3.42,2.03,1.8,2,1.83,1.96,1.87,2.05,1.79,1.95,0.5,1.83,2.02,1.71,2.1,1.88,2.12,1.77,2.03,,,,,,,,,,,,,,,,,,,,,,,,,,,,,,,,,,,,,,,,,
SC2,02/10/2021,15:00,Falkirk,East Fife,,,,,,,1.44,4.2,5.75,1.5,4,5.25,1.5,4.1,5.5,1.49,4.25,5.78,1.47,4,5.8,1.5,4.2,5.75,1.54,4.5,6,1.48,4.22,5.62,1.66,2.15,1.65,2.18,1.67,2.43,1.61,2.2,-1,1.85,2,1.83,1.97,1.87,2.04,1.82,1.95,,,,,,,,,,,,,,,,,,,,,,,,,,,,,,,,,,,,,,,,,
SC2,02/10/2021,15:00,Peterhead,Dumbarton,,,,,,,2.1,3.5,2.9,2.2,3.2,2.9,2.2,3.25,2.9,2.17,3.44,3.06,2.25,3.2,2.88,2.2,3.4,3,2.38,3.57,3.14,2.21,3.37,2.93,1.8,2,1.81,1.98,1.87,2,1.81,1.94,-0.25,1.95,1.9,1.9,1.9,2.03,1.9,1.93,1.85,,,,,,,,,,,,,,,,,,,,,,,,,,,,,,,,,,,,,,,,,
SC2,03/10/2021,15:00,Queens Park,Montrose,,,,,,,1.8,3.4,3.75,1.72,3.4,4.2,1.9,3.45,3.7,1.84,3.52,3.59,1.83,3.4,3.8,1.8,3.5,3.6,1.92,3.8,4.2,1.84,3.55,3.72,1.8,2,1.83,1.96,1.85,2.13,1.78,1.97,-0.5,1.9,1.95,1.87,1.93,1.9,2,1.85,1.92,,,,,,,,,,,,,,,,,,,,,,,,,,,,,,,,,,,,,,,,,
SC3,01/10/2021,19:45,Edinburgh City,Cowdenbeath,,,,,,,1.9,3.6,3.4,1.85,3.5,3.5,1.97,3.55,3.25,1.97,3.79,3.4,1.91,3.5,3.4,2,3.6,3.3,2.06,3.94,3.6,1.96,3.66,3.31,1.7,2.1,1.72,2.1,1.72,2.21,1.68,2.1,-0.5,2.02,1.83,1.97,1.86,2.06,1.86,1.97,1.81,,,,,,,,,,,,,,,,,,,,,,,,,,,,,,,,,,,,,,,,,
SC3,02/10/2021,15:00,Elgin,Stirling,,,,,,,2.87,3.4,2.15,2.75,3.4,2.2,2.7,3.35,2.3,2.82,3.5,2.28,2.7,3.4,2.3,2.75,3.6,2.3,2.89,3.7,2.35,2.74,3.5,2.28,1.6,2.3,1.65,2.18,1.66,2.3,1.61,2.2,0.25,1.85,2,1.81,2,1.85,2.08,1.78,2,,,,,,,,,,,,,,,,,,,,,,,,,,,,,,,,,,,,,,,,,
SC3,02/10/2021,15:00,Kelty Hearts,Annan Athletic,,,,,,,1.45,4.2,5.25,1.49,4,5.5,1.5,4.2,5.25,1.49,4.65,5.17,1.5,4.2,5.25,1.5,4.2,5.75,1.52,4.9,6,1.48,4.43,5.36,1.61,2.25,1.63,2.22,1.64,2.63,1.58,2.28,-1,1.85,2,1.81,2.01,1.89,2.05,1.8,1.98,,,,,,,,,,,,,,,,,,,,,,,,,,,,,,,,,,,,,,,,,
SC3,02/10/2021,15:00,Stenhousemuir,Forfar,,,,,,,3.2,3.75,1.9,3.1,3.5,2,3.1,3.55,2.05,3.2,3.77,2,3,3.3,2.15,3.2,3.5,2.1,3.36,3.92,2.11,3.17,3.62,2.01,1.7,2.1,1.69,2.11,1.73,2.25,1.67,2.12,0.25,2.05,1.75,2.03,1.76,2.05,1.92,1.99,1.79,,,,,,,,,,,,,,,,,,,,,,,,,,,,,,,,,,,,,,,,,
SC3,02/10/2021,15:00,Stranraer,Albion Rvs,,,,,,,1.95,3.6,3.3,1.9,3.4,3.4,2,3.35,3.3,1.99,3.49,3.46,1.95,3.4,3.4,2,3.5,3.4,2.04,3.7,3.57,1.98,3.52,3.35,1.75,2.05,1.83,1.96,1.84,2.15,1.77,1.99,-0.5,2.02,1.83,1.99,1.82,2.04,1.85,1.99,1.79,,,,,,,,,,,,,,,,,,,,,,,,,,,,,,,,,,,,,,,,,
SP1,01/10/2021,20:00,Ath Bilbao,Alaves,,,,,,,1.53,3.75,7.5,1.57,3.8,6.75,1.6,3.7,6.5,1.59,3.89,7.16,1.57,3.7,6.5,1.55,3.9,7,1.65,4.02,7.5,1.58,3.82,6.78,2.3,1.61,2.37,1.65,2.4,1.68,2.32,1.62,-1,2.07,1.86,2.07,1.86,2.12,1.88,2.06,1.83,,,,,,,,,,,,,,,,,,,,,,,,,,,,,,,,,,,,,,,,,
SP1,02/10/2021,13:00,Osasuna,Vallecano,,,,,,,2.15,3.4,3.4,2.25,3.4,3.25,2.2,3.35,3.4,2.2,3.47,3.57,2.25,3.25,3.25,2.2,3.4,3.3,2.29,3.54,3.6,2.21,3.39,3.4,2.1,1.72,2.09,1.81,2.16,1.83,2.08,1.77,-0.25,1.9,2.03,1.89,2.03,1.95,2.04,1.89,1.99,,,,,,,,,,,,,,,,,,,,,,,,,,,,,,,,,,,,,,,,,
SP1,02/10/2021,15:15,Mallorca,Levante,,,,,,,2.1,3.2,3.4,2.15,3.3,3.5,2.15,3.4,3.4,2.22,3.51,3.49,2.15,3.2,3.5,2.1,3.3,3.4,2.25,3.53,3.63,2.17,3.37,3.47,2.1,1.72,2.2,1.74,2.21,1.78,2.15,1.72,-0.25,1.89,2.04,1.91,2.02,1.92,2.06,1.88,2.01,,,,,,,,,,,,,,,,,,,,,,,,,,,,,,,,,,,,,,,,,
SP1,02/10/2021,17:30,Cadiz,Valencia,,,,,,,3.4,3,2.3,3.4,3.1,2.3,3.3,3.05,2.4,3.45,3.08,2.46,3.25,3.1,2.35,3.13,3.1,2.3,3.47,3.26,2.48,3.31,3.08,2.4,2.5,1.53,2.53,1.58,2.53,1.65,2.41,1.58,0.25,1.86,2.07,1.86,2.07,1.87,2.09,1.84,2.04,,,,,,,,,,,,,,,,,,,,,,,,,,,,,,,,,,,,,,,,,
SP1,02/10/2021,20:00,Ath Madrid,Barcelona,,,,,,,1.9,3.5,4,1.91,3.5,4.2,2,3.35,3.95,1.92,3.61,4.43,1.91,3.4,4.2,1.85,3.5,4,2,3.74,4.45,1.92,3.52,4.21,2,1.8,2.06,1.85,2.07,1.92,2.01,1.83,-0.5,1.92,2.01,1.92,2,2,2.02,1.93,1.96,,,,,,,,,,,,,,,,,,,,,,,,,,,,,,,,,,,,,,,,,
SP1,03/10/2021,13:00,Elche,Celta,,,,,,,3.3,3.2,2.3,3.4,3.1,2.3,3.35,3.15,2.3,3.52,3.17,2.37,3.4,3.1,2.25,3.2,3.13,2.25,3.52,3.36,2.4,3.36,3.16,2.33,2.3,1.61,2.39,1.64,2.41,1.71,2.31,1.63,0.25,1.91,2.02,1.92,2,1.92,2.03,1.89,1.98,,,,,,,,,,,,,,,,,,,,,,,,,,,,,,,,,,,,,,,,,
SP1,03/10/2021,15:15,Espanol,Real Madrid,,,,,,,5,4,1.66,5.25,4.1,1.62,5,4.1,1.65,5.15,4.15,1.69,5,3.9,1.65,4.8,4,1.62,5.25,4.36,1.74,5.04,4.07,1.67,1.72,2.1,1.76,2.17,1.81,2.22,1.74,2.13,0.75,2.05,1.88,2.04,1.88,2.07,1.9,2.02,1.86,,,,,,,,,,,,,,,,,,,,,,,,,,,,,,,,,,,,,,,,,
SP1,03/10/2021,17:30,Getafe,Sociedad,,,,,,,3.6,3.1,2.2,3.9,3,2.15,3.65,3.1,2.2,3.77,3.17,2.26,3.6,3.1,2.2,3.5,3.1,2.15,3.9,3.2,2.28,3.66,3.11,2.22,2.75,1.44,2.81,1.49,2.81,1.56,2.66,1.48,0.25,2.01,1.92,2.01,1.92,2.02,1.93,1.98,1.89,,,,,,,,,,,,,,,,,,,,,,,,,,,,,,,,,,,,,,,,,
SP1,03/10/2021,17:30,Villarreal,Betis,,,,,,,2,3.6,3.6,2,3.7,3.6,1.97,3.6,3.7,2.03,3.83,3.71,1.95,3.6,3.7,1.93,3.6,3.6,2.04,3.92,3.88,1.99,3.69,3.69,1.9,1.9,1.94,1.96,1.95,2.02,1.88,1.94,-0.5,2.06,1.87,2.03,1.89,2.06,1.94,1.99,1.89,,,,,,,,,,,,,,,,,,,,,,,,,,,,,,,,,,,,,,,,,
SP1,03/10/2021,20:00,Granada,Sevilla,,,,,,,4.8,3.4,1.72,4.75,3.5,1.8,4.9,3.55,1.77,5.36,3.62,1.78,5,3.4,1.78,4.75,3.5,1.73,5.4,3.64,1.86,4.97,3.53,1.78,2.2,1.66,2.26,1.7,2.28,1.76,2.18,1.69,0.75,1.89,2.04,1.91,2.02,1.91,2.09,1.86,2.02,,,,,,,,,,,,,,,,,,,,,,,,,,,,,,,,,,,,,,,,,
SP2,01/10/2021,20:00,Ponferradina,Valladolid,,,,,,,3.5,3.1,2.2,3.1,3.1,2.15,3.5,3,2.1,3.76,3.21,2.22,2.9,3,2.5,3.5,3.2,2.15,3.77,3.27,2.26,3.48,3.13,2.18,2.15,1.66,2.25,1.7,2.45,1.73,2.2,1.66,0.25,2,1.85,2.03,1.88,2.04,1.92,1.97,1.86,,,,,,,,,,,,,,,,,,,,,,,,,,,,,,,,,,,,,,,,,
SP2,02/10/2021,15:00,Amorebieta,Sp Gijon,,,,,,,3.5,3,2.3,3.2,3,2.15,3.4,2.8,2.25,3.63,2.93,2.37,3.4,2.87,2.3,3.4,3.1,2.25,3.7,3.21,2.37,3.41,2.99,2.27,2.35,1.57,2.44,1.58,2.45,1.64,2.33,1.59,0.25,1.9,1.95,1.88,1.98,1.99,2,1.91,1.93,,,,,,,,,,,,,,,,,,,,,,,,,,,,,,,,,,,,,,,,,
SP2,02/10/2021,15:00,Huesca,Tenerife,,,,,,,1.95,3.25,4.33,2,2.9,3.8,1.97,2.95,4.2,1.99,3.14,4.58,2,3.1,3.9,2,3.13,4.1,2.04,3.36,4.6,1.98,3.12,4.13,2.35,1.57,2.43,1.58,2.45,1.62,2.37,1.57,-0.5,1.98,1.88,1.99,1.88,2.07,1.93,1.98,1.85,,,,,,,,,,,,,,,,,,,,,,,,,,,,,,,,,,,,,,,,,
SP2,02/10/2021,17:15,Zaragoza,Oviedo,,,,,,,2.25,2.9,3.8,2.25,2.85,3.2,2.2,2.75,3.5,2.3,2.99,3.72,2.37,2.87,3.2,2.25,2.9,3.6,2.5,3.13,3.8,2.27,2.94,3.47,2.7,1.44,2.76,1.47,2.76,1.48,2.67,1.45,-0.25,1.9,1.95,1.93,1.94,1.98,2,1.93,1.92,,,,,,,,,,,,,,,,,,,,,,,,,,,,,,,,,,,,,,,,,
SP2,02/10/2021,20:00,Alcorcon,Sociedad B,,,,,,,2.25,3,3.6,2.15,2.95,3.4,2.2,2.8,3.5,2.3,2.98,3.72,2.2,3,3.4,2.2,3,3.6,2.32,3.17,3.73,2.24,2.98,3.48,2.5,1.5,2.67,1.5,2.67,1.53,2.56,1.49,-0.25,1.9,1.95,1.93,1.93,1.96,2,1.91,1.93,,,,,,,,,,,,,,,,,,,,,,,,,,,,,,,,,,,,,,,,,
SP2,03/10/2021,13:00,Eibar,Ibiza,,,,,,,1.72,3.4,5.5,1.73,3.25,4.5,1.75,3.25,4.9,1.75,3.52,5.37,1.7,3.3,5.25,1.7,3.4,5,1.78,3.66,5.5,1.74,3.44,4.95,2.25,1.61,2.28,1.65,2.3,1.7,2.22,1.64,-0.75,2,1.85,2.02,1.85,2.06,1.89,2,1.84,,,,,,,,,,,,,,,,,,,,,,,,,,,,,,,,,,,,,,,,,
SP2,03/10/2021,15:00,Malaga,Fuenlabrada,,,,,,,2.45,3,3.2,2.3,2.8,3.2,2.45,2.7,3.15,2.5,2.87,3.44,2.35,2.87,3.25,2.4,2.9,3.13,2.54,3.13,3.45,2.43,2.87,3.23,2.6,1.47,2.7,1.49,2.7,1.52,2.59,1.48,-0.25,2.05,1.8,2.09,1.8,2.11,1.84,2.06,1.79,,,,,,,,,,,,,,,,,,,,,,,,,,,,,,,,,,,,,,,,,
SP2,03/10/2021,17:15,Burgos,Mirandes,,,,,,,2.2,3.1,3.6,2.25,2.75,3.3,2.2,2.85,3.5,2.26,3.01,3.78,2.3,3,3.2,2.2,3,3.4,2.35,3.3,3.83,2.22,2.99,3.5,2.35,1.57,2.41,1.59,2.46,1.64,2.33,1.59,-0.25,1.9,1.95,1.9,1.97,1.96,1.98,1.9,1.94,,,,,,,,,,,,,,,,,,,,,,,,,,,,,,,,,,,,,,,,,
SP2,03/10/2021,17:15,Las Palmas,Cartagena,,,,,,,2,3.2,4.2,1.87,3.1,4,2,2.95,4,2.06,3.12,4.27,1.88,3.2,4.2,1.95,3.2,3.9,2.1,3.41,4.5,2,3.13,4.02,2.25,1.61,2.32,1.63,2.35,1.66,2.27,1.61,-0.5,2.02,1.83,2.06,1.82,2.06,1.88,2,1.82,,,,,,,,,,,,,,,,,,,,,,,,,,,,,,,,,,,,,,,,,
SP2,03/10/2021,20:00,Leganes,Lugo,,,,,,,1.57,3.6,7,1.57,3.7,5.25,1.63,3.4,6,1.63,3.65,6.37,1.66,3.3,5.5,1.6,3.5,6,1.7,3.75,7,1.62,3.59,5.85,2.3,1.6,2.36,1.61,2.44,1.62,2.35,1.58,-0.75,1.83,2.02,1.85,2.03,1.88,2.1,1.83,2.02,,,,,,,,,,,,,,,,,,,,,,,,,,,,,,,,,,,,,,,,,
SP2,04/10/2021,20:00,Girona,Almeria,,,,,,,2.45,3.1,3.1,2.55,2.95,2.65,2.6,2.95,2.75,2.71,3.11,2.87,2.6,3,2.75,2.55,3.13,2.7,2.72,3.36,3.1,2.58,3.1,2.8,2.05,1.75,2.1,1.76,2.19,1.82,2.07,1.75,0,1.85,2,1.88,2,1.9,2.07,1.85,1.99,,,,,,,,,,,,,,,,,,,,,,,,,,,,,,,,,,,,,,,,,
T1,01/10/2021,18:00,Antalyaspor,Ad. Demirspor,,,,,,,2.4,3.4,2.75,2.4,3.4,2.75,2.5,3.35,2.8,2.56,3.44,2.89,2.4,3.3,2.75,2.5,3.3,2.88,2.63,3.6,2.94,2.47,3.37,2.8,1.8,2,1.88,2.02,1.88,2.03,1.83,1.98,0,1.8,2.05,1.84,2.08,1.84,2.11,1.8,2.05,,,,,,,,,,,,,,,,,,,,,,,,,,,,,,,,,,,,,,,,,
T1,01/10/2021,18:00,Karagumruk,Buyuksehyr,,,,,,,3.3,3.4,2.15,2.3,3.4,2.9,3.25,3.3,2.25,3.39,3.55,2.22,3.2,3.3,2.15,3.25,3.4,2.2,3.41,3.68,2.33,3.22,3.44,2.2,1.8,2,1.84,2.06,1.88,2.07,1.82,2,0.25,1.98,1.88,1.99,1.92,2.02,1.94,1.95,1.89,,,,,,,,,,,,,,,,,,,,,,,,,,,,,,,,,,,,,,,,,
T1,02/10/2021,11:30,Konyaspor,Alanyaspor,,,,,,,2.37,3.2,3,2.37,3.2,2.95,2.4,3.2,3,2.48,3.22,3.2,2.3,3.2,3,2.4,3.13,3.1,2.5,3.48,3.23,2.4,3.2,3.05,2.02,1.83,2.06,1.84,2.09,1.85,2.03,1.8,-0.25,2.05,1.8,2.1,1.82,2.1,1.85,2.07,1.8,,,,,,,,,,,,,,,,,,,,,,,,,,,,,,,,,,,,,,,,,
T1,02/10/2021,14:00,Goztep,Giresunspor,,,,,,,1.9,3.4,4,1.9,3.4,4,1.95,3.4,3.9,1.99,3.54,4.1,1.91,3.3,3.9,1.95,3.4,4,2.03,3.6,4.2,1.95,3.41,3.94,2.07,1.72,2.11,1.79,2.24,1.79,2.11,1.73,-0.5,1.95,1.9,1.99,1.92,2.02,1.93,1.96,1.89,,,,,,,,,,,,,,,,,,,,,,,,,,,,,,,,,,,,,,,,,
T1,02/10/2021,14:00,Kayserispor,Trabzonspor,,,,,,,4,3.5,1.83,3.9,3.5,1.88,3.95,3.45,1.95,4.17,3.58,1.96,3.9,3.5,1.85,4,3.5,1.93,4.2,3.77,2,3.91,3.55,1.92,1.85,1.95,1.93,1.96,1.94,2.06,1.87,1.94,0.5,1.93,1.93,1.94,1.96,1.98,2,1.91,1.93,,,,,,,,,,,,,,,,,,,,,,,,,,,,,,,,,,,,,,,,,
T1,02/10/2021,17:00,Besiktas,Sivasspor,,,,,,,1.83,3.5,4,1.83,3.5,4,1.9,3.6,3.95,1.92,3.65,4.27,1.83,3.5,4,1.87,3.6,4.1,1.95,3.88,4.4,1.87,3.61,4.03,1.8,2,1.83,2.06,1.87,2.07,1.8,2.01,-0.5,1.88,1.98,1.92,1.99,1.95,2.02,1.89,1.96,,,,,,,,,,,,,,,,,,,,,,,,,,,,,,,,,,,,,,,,,
T1,03/10/2021,11:30,Yeni Malatyaspor,Hatayspor,,,,,,,3.5,3.3,2.1,3.25,3.5,2.05,3.35,3.3,2.2,3.36,3.62,2.2,3.2,3.4,2.1,3.25,3.4,2.2,3.5,3.7,2.27,3.22,3.49,2.17,1.75,2.05,1.81,2.07,1.92,2.09,1.8,2.02,0.25,1.98,1.88,2,1.91,2.03,1.94,1.96,1.89,,,,,,,,,,,,,,,,,,,,,,,,,,,,,,,,,,,,,,,,,
T1,03/10/2021,14:00,Fenerbahce,Kasimpasa,,,,,,,1.45,4.2,6.5,1.49,4.33,6.25,1.5,4.2,6.75,1.51,4.49,6.82,1.47,4,6.5,1.5,4.4,6,1.56,4.66,6.9,1.49,4.36,6.28,1.65,2.2,1.67,2.3,1.7,2.31,1.65,2.24,-1,1.83,2.02,1.81,2.1,1.9,2.13,1.82,2.04,,,,,,,,,,,,,,,,,,,,,,,,,,,,,,,,,,,,,,,,,
T1,03/10/2021,14:00,Gaziantep,Altay,,,,,,,2.7,3.25,2.6,2.65,3.25,2.55,2.7,3.35,2.6,2.76,3.46,2.66,2.62,3.25,2.55,2.7,3.3,2.63,2.81,3.54,2.77,2.67,3.33,2.61,1.95,1.85,1.97,1.92,2,1.96,1.92,1.89,0,1.98,1.88,1.99,1.92,2.04,1.96,1.95,1.9,,,,,,,,,,,,,,,,,,,,,,,,,,,,,,,,,,,,,,,,,
T1,03/10/2021,17:00,Rizespor,Galatasaray,,,,,,,4.75,3.8,1.66,4.6,3.8,1.68,4.7,3.85,1.7,4.8,4.06,1.74,4.75,3.7,1.67,4.75,3.9,1.7,4.9,4.12,1.79,4.63,3.88,1.71,1.75,2.05,1.81,2.09,1.89,2.1,1.78,2.04,0.75,1.95,1.9,1.95,1.95,2,1.98,1.94,1.91,,,,,,,,,,,,,,,,,,,,,,,,,,,,,,,,,,,,,,,,,
