Div,Date,Time,HomeTeam,AwayTeam,FTHG,FTAG,FTR,HTHG,HTAG,FTR,B365H,B365D,B365A,BWH,BWD,BWA,IWH,IWD,IWA,PSH,PSD,PSA,WHH,WHD,WHA,VCH,VCD,VCA,MaxH,MaxD,MaxA,AvgH,AvgD,AvgA,B365>2.5,B365<2.5,P>2.5,P<2.5,Max>2.5,Max<2.5,Avg>2.5,Avg<2.5,AHh,B365AHH,B365AHA,PAHH,PAHA,MaxAHH,MaxAHA,AvgAHH,AvgAHA,B365CH,B365CD,B365CA,BWCH,BWCD,BWCA,IWCH,IWCD,IWCA,PSCH,PSCD,PSCA,WHCH,WHCD,WHCA,VCCH,VCCD,VCCA,MaxCH,MaxCD,MaxCA,AvgCH,AvgCD,AvgCA,B365C>2.5,B365C<2.5,PC>2.5,PC<2.5,MaxC>2.5,MaxC<2.5,AvgC>2.5,AvgC<2.5,AHCh,B365CAHH,B365CAHA,PCAHH,PCAHA,MaxCAHH,MaxCAHA,AvgCAHH,AvgCAHA
B1,18/10/2020,19:30,Anderlecht,Oud-Heverlee Leuven,,,,,,,1.5,4.33,6,1.53,4.6,5.5,1.53,4.2,5.5,1.55,4.45,6.16,1.5,4.2,6,1.5,4.5,5.5,1.55,4.6,6.37,1.51,4.37,5.66,1.53,2.4,1.57,2.52,1.57,2.56,1.52,2.45,-1,1.88,1.98,1.87,2.04,1.91,2.08,1.84,1.99,,,,,,,,,,,,,,,,,,,,,,,,,,,,,,,,,,,,,,,,,
B1,17/10/2020,17:30,Beerschot VA,St Truiden,,,,,,,1.66,4,4.33,1.75,3.8,4.6,1.73,3.65,4.4,1.78,3.88,4.77,1.7,3.8,4.5,1.7,4,4.5,1.78,4.15,4.9,1.72,3.82,4.49,1.61,2.25,1.66,2.32,1.67,2.34,1.62,2.25,-0.75,1.93,1.93,1.98,1.93,1.99,1.98,1.92,1.91,,,,,,,,,,,,,,,,,,,,,,,,,,,,,,,,,,,,,,,,,
B1,17/10/2020,15:15,Cercle Brugge,Gent,,,,,,,3.25,4,2,3.3,3.8,2.05,3.25,3.5,2.05,3.46,3.96,2.05,3.3,3.6,2.05,3.25,3.8,2.05,3.46,4,2.11,3.29,3.75,2.02,1.57,2.35,1.56,2.54,1.65,2.54,1.56,2.39,0.25,2.05,1.75,2.12,1.79,2.12,1.86,2.06,1.78,,,,,,,,,,,,,,,,,,,,,,,,,,,,,,,,,,,,,,,,,
B1,18/10/2020,17:15,Genk,Charleroi,,,,,,,2.5,3.5,2.7,2.6,3.5,2.65,2.55,3.2,2.65,2.64,3.4,2.82,2.5,3.3,2.7,2.5,3.5,2.7,2.64,3.65,2.82,2.53,3.37,2.68,1.75,2.05,1.76,2.14,1.83,2.14,1.75,2.05,0,1.88,1.98,1.89,2.02,1.96,2.05,1.87,1.97,,,,,,,,,,,,,,,,,,,,,,,,,,,,,,,,,,,,,,,,,
B1,17/10/2020,17:30,Mechelen,Kortrijk,,,,,,,2,3.75,3.5,2,3.6,3.7,1.97,3.4,3.5,2,3.66,3.9,2.05,3.4,3.5,2,3.6,3.5,2.11,3.75,3.9,1.99,3.54,3.57,1.65,2.2,1.66,2.32,1.73,2.32,1.64,2.22,-0.5,1.98,1.88,2,1.9,2.11,1.91,2.02,1.83,,,,,,,,,,,,,,,,,,,,,,,,,,,,,,,,,,,,,,,,,
B1,18/10/2020,15:00,Mouscron,Eupen,,,,,,,3,3.6,2.2,3.4,3.7,2.05,3.25,3.4,2.1,3.46,3.81,2.1,3.25,3.4,2.15,3.2,3.4,2.2,3.46,3.81,2.2,3.26,3.55,2.09,1.95,1.85,2,1.88,2.02,1.95,1.93,1.85,0.25,2,1.85,2.09,1.83,2.09,1.94,1.99,1.84,,,,,,,,,,,,,,,,,,,,,,,,,,,,,,,,,,,,,,,,,
B1,17/10/2020,19:45,Standard,Club Brugge,,,,,,,3.5,3.5,2,3.6,3.5,2.05,3.5,3.3,2.05,3.83,3.59,2.04,3.6,3.3,2.05,3.4,3.6,2.05,3.83,3.64,2.11,3.54,3.47,2.02,1.8,2,1.84,2.06,1.86,2.09,1.79,2,0.25,2.05,1.75,2.17,1.76,2.17,1.85,2.08,1.77,,,,,,,,,,,,,,,,,,,,,,,,,,,,,,,,,,,,,,,,,
B1,19/10/2020,19:45,Waasland-Beveren,Oostende,,,,,,,4.5,3.75,1.72,4.1,3.8,1.83,4,3.8,1.75,4.11,4.31,1.78,4.2,3.9,1.75,4.33,4,1.73,4.5,4.31,1.83,4.11,3.99,1.75,1.57,2.35,1.59,2.44,1.62,2.46,1.57,2.35,0.75,1.9,1.95,1.9,1.98,1.93,1.99,1.88,1.94,,,,,,,,,,,,,,,,,,,,,,,,,,,,,,,,,,,,,,,,,
B1,18/10/2020,12:30,Waregem,Antwerp,,,,,,,3.2,3.6,2,3.25,3.75,2.1,3.1,3.7,2.05,3.19,4.23,2.09,3.25,3.6,2.05,3.2,3.7,2.1,3.28,4.23,2.12,3.14,3.87,2.05,1.6,2.3,1.62,2.4,1.65,2.4,1.6,2.31,0.25,2,1.85,2.06,1.85,2.08,1.87,2.02,1.82,,,,,,,,,,,,,,,,,,,,,,,,,,,,,,,,,,,,,,,,,
E1,17/10/2020,15:00,Barnsley,Bristol City,,,,,,,2.8,3.4,2.5,2.75,3.3,2.6,2.7,3.15,2.6,2.82,3.28,2.71,2.7,3.25,2.6,2.63,3.4,2.6,2.85,3.48,2.71,2.73,3.28,2.62,2,1.85,2.02,1.87,2.05,1.89,1.98,1.83,0,1.99,1.91,1.99,1.92,2.01,1.95,1.96,1.9,,,,,,,,,,,,,,,,,,,,,,,,,,,,,,,,,,,,,,,,,
E1,17/10/2020,15:00,Birmingham,Sheffield Weds,,,,,,,2.62,3.1,2.87,2.6,3.1,2.9,2.65,3.1,2.75,2.77,3.17,2.85,2.62,3.1,2.8,2.63,3.2,2.8,2.81,3.32,2.9,2.67,3.12,2.8,2.3,1.61,2.34,1.65,2.4,1.71,2.27,1.63,0,1.89,2.01,1.93,1.98,1.97,2.02,1.88,1.97,,,,,,,,,,,,,,,,,,,,,,,,,,,,,,,,,,,,,,,,,
E1,17/10/2020,15:00,Blackburn,Nott'm Forest,,,,,,,1.95,3.4,4,1.95,3.5,3.9,1.95,3.45,3.85,1.96,3.71,4.01,1.95,3.5,3.8,1.95,3.5,3.9,2.05,3.75,4.01,1.96,3.54,3.82,2.1,1.72,2.03,1.86,2.19,1.86,2.04,1.78,-0.5,1.97,1.93,1.96,1.94,2.02,1.94,1.97,1.88,,,,,,,,,,,,,,,,,,,,,,,,,,,,,,,,,,,,,,,,,
E1,17/10/2020,15:00,Bournemouth,QPR,,,,,,,1.7,3.8,5,1.75,3.8,4.75,1.73,3.7,4.8,1.77,3.78,4.97,1.73,3.7,4.8,1.73,3.8,4.75,1.83,3.92,5.21,1.74,3.74,4.77,1.9,1.9,1.88,2.02,1.95,2.02,1.86,1.94,-0.75,1.98,1.92,2.02,1.89,2.02,1.96,1.96,1.9,,,,,,,,,,,,,,,,,,,,,,,,,,,,,,,,,,,,,,,,,
E1,17/10/2020,15:00,Brentford,Coventry,,,,,,,1.6,4,5.75,1.62,4,5.5,1.57,4.1,5.75,1.58,4.17,6.21,1.57,3.9,6,1.6,4,5.5,1.67,4.21,6.21,1.59,4.07,5.65,1.9,1.9,1.94,1.94,1.94,2.05,1.86,1.95,-1,2.05,1.75,2.06,1.85,2.19,1.88,2.03,1.82,,,,,,,,,,,,,,,,,,,,,,,,,,,,,,,,,,,,,,,,,
E1,16/10/2020,19:45,Derby,Watford,,,,,,,3.4,3.25,2.2,3.75,3.25,2.1,3.7,3.1,2.15,3.85,3.26,2.17,3.7,3.1,2.15,3.6,3.2,2.15,3.86,3.36,2.26,3.69,3.16,2.16,2.37,1.57,2.39,1.63,2.43,1.64,2.36,1.59,0.25,2.05,1.85,2.07,1.84,2.08,1.9,2.01,1.84,,,,,,,,,,,,,,,,,,,,,,,,,,,,,,,,,,,,,,,,,
E1,17/10/2020,15:00,Luton,Stoke,,,,,,,3.1,3.2,2.4,3.1,3.25,2.4,3.15,3.15,2.35,3.3,3.33,2.36,3.1,3.1,2.4,3,3.3,2.4,3.3,3.36,2.5,3.13,3.23,2.37,2.2,1.66,2.3,1.67,2.31,1.75,2.23,1.66,0.25,1.84,2.06,1.89,2.02,1.89,2.11,1.82,2.04,,,,,,,,,,,,,,,,,,,,,,,,,,,,,,,,,,,,,,,,,
E1,17/10/2020,15:00,Middlesbrough,Reading,,,,,,,2.15,3.3,3.5,2.15,3.25,3.6,2.2,3.15,3.5,2.22,3.21,3.75,2.15,3.2,3.5,2.15,3.3,3.5,2.27,3.42,3.75,2.18,3.22,3.51,2.2,1.66,2.22,1.71,2.25,1.74,2.17,1.68,-0.25,1.89,2.01,1.88,2.02,1.92,2.04,1.87,1.98,,,,,,,,,,,,,,,,,,,,,,,,,,,,,,,,,,,,,,,,,
E1,18/10/2020,12:00,Preston,Cardiff,,,,,,,2.25,3.3,3.3,2.2,3.3,3.4,2.2,3.2,3.35,2.27,3.36,3.45,2.25,3.2,3.3,2.25,3.3,3.2,2.34,3.41,3.54,2.23,3.3,3.3,2.1,1.72,2.21,1.72,2.22,1.77,2.13,1.71,-0.25,1.97,1.93,1.94,1.96,2.01,2,1.93,1.92,,,,,,,,,,,,,,,,,,,,,,,,,,,,,,,,,,,,,,,,,
E1,17/10/2020,15:00,Rotherham,Norwich,,,,,,,3.6,3.5,2.05,3.8,3.5,2,3.7,3.4,2,3.87,3.6,2.03,3.7,3.4,2,3.5,3.5,2.05,3.87,3.6,2.08,3.66,3.49,2.02,2.02,1.83,2.06,1.84,2.07,1.93,1.99,1.82,0.5,1.84,2.06,1.88,2.03,1.88,2.12,1.82,2.03,,,,,,,,,,,,,,,,,,,,,,,,,,,,,,,,,,,,,,,,,
E1,17/10/2020,15:00,Swansea,Huddersfield,,,,,,,1.95,3.5,4,1.95,3.3,4.2,1.95,3.3,4.1,1.99,3.39,4.3,1.95,3.4,3.9,1.95,3.4,4,2.02,3.56,4.45,1.96,3.36,4.08,2.1,1.72,2.13,1.77,2.19,1.79,2.11,1.72,-0.5,2,1.9,1.99,1.91,2.02,1.94,1.97,1.88,,,,,,,,,,,,,,,,,,,,,,,,,,,,,,,,,,,,,,,,,
E1,17/10/2020,15:00,Wycombe,Millwall,,,,,,,5,3.5,1.75,5,3.6,1.75,5,3.5,1.75,5.35,3.6,1.77,4.75,3.5,1.78,4.8,3.6,1.75,5.35,3.72,1.84,4.91,3.54,1.76,2.1,1.72,2.17,1.74,2.18,1.83,2.1,1.73,0.75,1.87,2.03,1.9,2,1.9,2.07,1.85,2,,,,,,,,,,,,,,,,,,,,,,,,,,,,,,,,,,,,,,,,,
E2,17/10/2020,15:00,AFC Wimbledon,Shrewsbury,,,,,,,2.8,3.2,2.6,2.9,2.9,2.6,2.75,2.85,2.65,2.89,3.01,2.82,2.8,3,2.6,2.88,3.2,2.55,2.98,3.2,2.83,2.81,3,2.65,2.15,1.66,2.22,1.7,2.25,1.76,2.14,1.68,0,2,1.85,1.97,1.92,2.05,1.92,1.98,1.85,,,,,,,,,,,,,,,,,,,,,,,,,,,,,,,,,,,,,,,,,
E2,17/10/2020,15:00,Bristol Rvs,Burton,,,,,,,2.45,3.4,2.9,2.4,3.3,2.85,2.35,3.1,2.95,2.4,3.4,3.09,2.35,3.2,2.9,2.45,3.3,3,2.47,3.48,3.15,2.36,3.29,2.96,2.05,1.75,2.08,1.79,2.11,1.84,2.03,1.76,-0.25,2.1,1.77,2.06,1.83,2.16,1.87,2.04,1.8,,,,,,,,,,,,,,,,,,,,,,,,,,,,,,,,,,,,,,,,,
E2,17/10/2020,15:00,Charlton,Wigan,,,,,,,2.1,3.5,3.5,2.1,3.5,3.25,2.05,3.35,3.35,2.09,3.68,3.51,2.05,3.4,3.4,2.1,3.6,3.4,2.15,3.7,3.6,2.06,3.52,3.39,1.85,1.95,1.91,1.96,1.93,2.02,1.85,1.93,-0.25,1.83,2.02,1.82,2.08,1.87,2.1,1.81,2.03,,,,,,,,,,,,,,,,,,,,,,,,,,,,,,,,,,,,,,,,,
E2,17/10/2020,15:00,Crewe,Blackpool,,,,,,,2.62,3.4,2.55,2.5,3.5,2.6,2.5,3.2,2.65,2.62,3.53,2.72,2.55,3.3,2.6,2.55,3.5,2.7,2.67,3.6,2.74,2.55,3.42,2.62,1.9,1.95,1.93,1.94,1.93,1.99,1.86,1.92,0,1.93,1.93,1.91,1.98,1.96,2,1.89,1.93,,,,,,,,,,,,,,,,,,,,,,,,,,,,,,,,,,,,,,,,,
E2,17/10/2020,15:00,Fleetwood Town,Lincoln,,,,,,,2.05,3.5,3.6,2,3.25,3.8,2.05,3.15,3.55,2.1,3.43,3.75,2.1,3.2,3.4,2.1,3.4,3.6,2.19,3.5,3.8,2.07,3.33,3.56,2,1.8,1.92,1.95,2.04,1.95,1.93,1.86,-0.25,1.83,2.02,1.79,2.1,1.86,2.1,1.81,2.03,,,,,,,,,,,,,,,,,,,,,,,,,,,,,,,,,,,,,,,,,
E2,17/10/2020,15:00,Ipswich,Accrington,,,,,,,1.66,3.8,5.25,1.65,3.6,5.25,1.65,3.45,5.5,1.68,3.67,5.89,1.7,3.5,4.8,1.73,3.75,4.8,1.76,3.81,6,1.68,3.61,5.23,1.95,1.85,1.91,1.96,2.05,1.96,1.91,1.87,-0.75,1.93,1.93,1.88,2,2,2,1.89,1.93,,,,,,,,,,,,,,,,,,,,,,,,,,,,,,,,,,,,,,,,,
E2,17/10/2020,13:00,Milton Keynes Dons,Gillingham,,,,,,,2.1,3.4,3.5,2.15,3.4,3.25,2.15,3.15,3.4,2.17,3.41,3.58,2.25,3.2,3.1,2.25,3.4,3.2,2.31,3.43,3.61,2.17,3.3,3.35,2.07,1.72,2.08,1.79,2.14,1.81,2.05,1.74,-0.25,1.9,1.95,1.86,2.03,1.99,2.05,1.9,1.94,,,,,,,,,,,,,,,,,,,,,,,,,,,,,,,,,,,,,,,,,
E2,17/10/2020,15:00,Peterboro,Oxford,,,,,,,1.95,3.8,3.6,1.95,3.5,3.7,1.97,3.5,3.45,1.96,3.98,3.66,1.95,3.4,3.6,2,3.75,3.5,2.04,4,3.76,1.97,3.67,3.53,1.8,2,1.83,2.05,1.86,2.08,1.79,1.99,-0.5,1.98,1.88,1.96,1.93,2.04,1.93,1.97,1.86,,,,,,,,,,,,,,,,,,,,,,,,,,,,,,,,,,,,,,,,,
E2,17/10/2020,15:00,Plymouth,Northampton,,,,,,,1.85,3.8,4,1.85,3.7,3.9,1.83,3.45,4,1.83,3.8,4.44,1.91,3.5,3.7,1.91,3.75,3.8,1.94,3.9,4.47,1.85,3.64,4.01,1.72,2.07,1.78,2.1,1.9,2.12,1.76,2.03,-0.5,1.88,1.98,1.83,2.08,1.95,2.08,1.86,1.96,,,,,,,,,,,,,,,,,,,,,,,,,,,,,,,,,,,,,,,,,
E2,17/10/2020,15:00,Portsmouth,Doncaster,,,,,,,2,3.5,3.75,1.95,3.4,3.8,2.1,3.15,3.5,2.14,3.34,3.75,2.05,3.3,3.5,2.05,3.4,3.75,2.15,3.65,3.8,2.06,3.35,3.59,1.95,1.85,2.03,1.85,2.03,1.9,1.95,1.83,-0.5,2.02,1.83,2.13,1.78,2.13,1.89,2.05,1.78,,,,,,,,,,,,,,,,,,,,,,,,,,,,,,,,,,,,,,,,,
E2,17/10/2020,15:00,Rochdale,Hull,,,,,,,4.2,3.75,1.85,3.8,3.6,1.9,3.9,3.4,1.9,4.18,3.77,1.88,3.8,3.5,1.88,4,3.6,1.91,4.2,3.88,1.97,3.94,3.61,1.87,1.8,2,1.85,2.02,1.88,2.06,1.82,1.96,0.5,1.95,1.9,2.01,1.88,2.02,1.97,1.94,1.88,,,,,,,,,,,,,,,,,,,,,,,,,,,,,,,,,,,,,,,,,
E2,17/10/2020,15:00,Swindon,Sunderland,,,,,,,4.2,3.6,1.85,4.1,3.5,1.85,4.1,3.3,1.9,4.47,3.62,1.87,4,3.4,1.85,4.1,3.5,1.93,4.5,3.72,1.99,4.12,3.49,1.87,2,1.8,2.06,1.82,2.06,1.9,1.97,1.81,0.5,1.95,1.9,2.03,1.87,2.03,2,1.94,1.89,,,,,,,,,,,,,,,,,,,,,,,,,,,,,,,,,,,,,,,,,
E3,17/10/2020,15:00,Bolton,Oldham,,,,,,,2.05,3.5,3.6,2,3.4,3.6,2,3.45,3.4,2.02,3.83,3.58,1.95,3.5,3.5,2.05,3.75,3.4,2.09,3.85,3.64,2.01,3.59,3.44,1.8,2,1.86,2.01,1.88,2.02,1.82,1.96,-0.5,2,1.85,2.02,1.87,2.08,1.9,2,1.82,,,,,,,,,,,,,,,,,,,,,,,,,,,,,,,,,,,,,,,,,
E3,17/10/2020,15:00,Carlisle,Colchester,,,,,,,2.4,3.4,2.9,2.45,3.25,2.85,2.4,3.1,2.9,2.41,3.41,3.08,2.4,3.25,2.8,2.5,3.3,2.88,2.54,3.48,3.09,2.4,3.29,2.89,2.05,1.75,2.07,1.8,2.1,1.83,2.03,1.76,0,1.8,2.05,1.72,2.21,1.84,2.24,1.76,2.08,,,,,,,,,,,,,,,,,,,,,,,,,,,,,,,,,,,,,,,,,
E3,17/10/2020,15:00,Crawley Town,Morecambe,,,,,,,2.2,3.3,3.4,2.2,3.25,3.2,2.25,3.15,3.05,2.36,3.36,3.2,2.25,3.3,3,2.25,3.4,3.2,2.37,3.65,3.4,2.25,3.32,3.11,1.85,1.95,1.89,1.98,1.91,2.01,1.85,1.93,-0.25,1.95,1.9,2.02,1.87,2.02,1.98,1.95,1.88,,,,,,,,,,,,,,,,,,,,,,,,,,,,,,,,,,,,,,,,,
E3,17/10/2020,15:00,Forest Green,Stevenage,,,,,,,1.7,3.75,5,1.67,3.7,5,1.67,3.6,4.8,1.68,4.01,5.15,1.67,3.6,4.8,1.75,3.8,4.6,1.79,4.04,5.19,1.69,3.73,4.82,2,1.8,1.97,1.9,2.08,1.9,1.96,1.81,-0.75,1.95,1.9,1.92,1.97,2.03,1.99,1.92,1.9,,,,,,,,,,,,,,,,,,,,,,,,,,,,,,,,,,,,,,,,,
E3,17/10/2020,15:00,Harrogate,Barrow,,,,,,,2,3.3,4,2.05,3.3,3.6,2.05,3.2,3.6,2.02,3.58,3.83,2.05,3.3,3.5,2.1,3.4,3.6,2.13,3.6,4,2.02,3.39,3.64,2.07,1.72,2.08,1.79,2.12,1.81,2.05,1.74,-0.5,2.05,1.75,2.02,1.87,2.06,1.88,2,1.81,,,,,,,,,,,,,,,,,,,,,,,,,,,,,,,,,,,,,,,,,
E3,17/10/2020,17:30,Leyton Orient,Grimsby,,,,,,,2.1,3.5,3.5,2.05,3.4,3.5,2.15,3.2,3.25,2.2,3.5,3.4,2.1,3.3,3.3,2.15,3.4,3.4,2.22,3.6,3.5,2.13,3.41,3.32,1.95,1.85,2,1.87,2.04,1.89,1.95,1.82,-0.25,1.85,2,1.9,1.99,1.9,2.03,1.85,1.97,,,,,,,,,,,,,,,,,,,,,,,,,,,,,,,,,,,,,,,,,
E3,17/10/2020,15:00,Mansfield,Bradford,,,,,,,2.15,3.5,3.3,2.2,3.2,3.3,2.2,3.15,3.25,2.2,3.46,3.45,2.15,3.2,3.3,2.2,3.3,3.4,2.24,3.5,3.5,2.16,3.31,3.31,2.1,1.7,2.14,1.75,2.15,1.78,2.08,1.71,-0.25,1.88,1.98,1.89,2,1.94,2.03,1.87,1.96,,,,,,,,,,,,,,,,,,,,,,,,,,,,,,,,,,,,,,,,,
E3,17/10/2020,15:00,Port Vale,Salford,,,,,,,2.6,3.3,2.75,2.6,3.2,2.7,2.5,3.05,2.75,2.57,3.32,2.92,2.5,3.2,2.7,2.63,3.25,2.75,2.65,3.45,2.93,2.53,3.23,2.77,2.07,1.72,2.08,1.79,2.14,1.81,2.05,1.74,0,1.85,2,1.83,2.08,1.92,2.08,1.84,1.99,,,,,,,,,,,,,,,,,,,,,,,,,,,,,,,,,,,,,,,,,
E3,17/10/2020,15:00,Scunthorpe,Cambridge,,,,,,,2.8,3.4,2.5,2.65,3.25,2.6,2.7,3.1,2.55,2.84,3.41,2.58,2.7,3.2,2.55,2.75,3.25,2.63,2.9,3.42,2.66,2.74,3.26,2.54,2.15,1.66,2.17,1.73,2.25,1.75,2.13,1.68,0,2.02,1.83,2.05,1.85,2.06,1.98,1.97,1.86,,,,,,,,,,,,,,,,,,,,,,,,,,,,,,,,,,,,,,,,,
E3,17/10/2020,15:00,Southend,Cheltenham,,,,,,,5.5,3.8,1.65,5.5,3.8,1.6,5.5,3.6,1.63,5.86,3.88,1.64,5.5,3.6,1.6,5.25,3.9,1.67,5.9,4.05,1.71,5.4,3.76,1.63,1.95,1.85,1.92,1.95,2.01,1.96,1.9,1.87,0.75,2,1.85,2.09,1.82,2.09,1.92,2,1.82,,,,,,,,,,,,,,,,,,,,,,,,,,,,,,,,,,,,,,,,,
E3,17/10/2020,15:00,Walsall,Exeter,,,,,,,2.75,3.3,2.6,2.65,3.2,2.6,2.55,3.1,2.65,2.62,3.41,2.79,2.6,3.2,2.62,2.7,3.25,2.7,2.75,3.45,2.8,2.61,3.26,2.66,2.07,1.72,2.12,1.77,2.13,1.8,2.06,1.73,0,1.9,1.95,1.88,2.01,1.96,2.01,1.89,1.94,,,,,,,,,,,,,,,,,,,,,,,,,,,,,,,,,,,,,,,,,
EC,17/10/2020,15:00,Barnet,Hartlepool,,,,,,,3.25,3.5,2,3.3,3.1,2.15,3.3,3,2.15,3.63,3.13,2.25,3.3,3.1,2.15,3.2,3.4,2.15,3.63,3.5,2.25,3.32,3.14,2.16,1.85,1.95,1.9,1.95,1.9,1.99,1.84,1.92,0.25,1.9,1.9,1.96,1.91,1.96,1.93,1.93,1.88,,,,,,,,,,,,,,,,,,,,,,,,,,,,,,,,,,,,,,,,,
EC,17/10/2020,17:20,Chesterfield,Stockport,,,,,,,3.4,3.3,2,3.3,3.2,2.1,3.45,3.15,2.05,3.89,3.26,2.1,3.25,3.25,2.1,3.25,3.5,2.1,3.89,3.5,2.12,3.47,3.25,2.05,1.72,2.07,1.73,2.15,1.76,2.18,1.7,2.08,0.25,1.98,1.83,2.1,1.79,2.1,1.86,2.02,1.79,,,,,,,,,,,,,,,,,,,,,,,,,,,,,,,,,,,,,,,,,
EC,17/10/2020,15:00,Dag and Red,Yeovil,,,,,,,3,3.25,2.37,2.85,3.25,2.3,2.75,3.15,2.35,2.95,3.46,2.44,2.8,3.2,2.38,2.75,3.25,2.5,3,3.46,2.5,2.8,3.3,2.36,1.95,1.85,1.93,1.92,1.99,1.92,1.89,1.87,0,2.02,1.77,2.13,1.76,2.13,1.83,2.08,1.77,,,,,,,,,,,,,,,,,,,,,,,,,,,,,,,,,,,,,,,,,
EC,17/10/2020,15:00,Eastleigh,Aldershot,,,,,,,2,3.4,3.3,1.95,3.7,3.3,2.05,3.45,3.2,2.1,3.86,3.28,2.05,3.5,3.2,1.95,3.5,3.6,2.1,3.86,3.6,2.01,3.61,3.23,1.8,2,1.81,2.04,1.83,2.06,1.76,1.99,-0.5,1.95,1.85,2.09,1.78,2.09,1.87,2.01,1.79,,,,,,,,,,,,,,,,,,,,,,,,,,,,,,,,,,,,,,,,,
EC,17/10/2020,15:00,Notts County,Maidenhead,,,,,,,1.4,4.5,6.5,1.4,4.5,6.5,1.37,4.4,7,1.38,5.01,8.27,1.35,4.4,8,1.4,4.5,7.5,1.4,5.01,8.27,1.38,4.64,7.08,1.66,2.15,1.67,2.25,1.71,2.25,1.64,2.18,-1.25,1.9,1.9,1.91,1.96,1.94,2,1.87,1.94,,,,,,,,,,,,,,,,,,,,,,,,,,,,,,,,,,,,,,,,,
EC,17/10/2020,15:00,Solihull,Boreham Wood,,,,,,,2.15,3.2,3.2,2.3,3.1,3,2.3,3.05,3,2.4,3.29,3.15,2.3,3.1,3,2.2,3.25,3.2,2.4,3.34,3.2,2.25,3.2,3.06,2.07,1.72,2.12,1.75,2.12,1.78,2.05,1.73,-0.25,1.95,1.85,2.05,1.83,2.05,1.91,1.96,1.86,,,,,,,,,,,,,,,,,,,,,,,,,,,,,,,,,,,,,,,,,
EC,17/10/2020,15:00,Torquay,Dover Athletic,,,,,,,1.55,3.75,5.5,1.57,3.9,5,1.55,3.8,5.25,1.59,4.39,5.38,1.57,3.9,5,1.6,3.9,5.25,1.64,4.39,5.5,1.57,4,5.06,1.8,2,1.81,2.05,1.86,2.06,1.79,1.97,-0.75,1.75,2.05,1.76,2.12,1.88,2.13,1.78,2.06,,,,,,,,,,,,,,,,,,,,,,,,,,,,,,,,,,,,,,,,,
EC,17/10/2020,15:00,Wealdstone,Wrexham,,,,,,,3.25,3.3,2.1,3.25,3.4,2.05,3.15,3.3,2.1,3.36,3.64,2.14,3.2,3.3,2.1,3.13,3.4,2.2,3.4,3.64,2.2,3.17,3.44,2.1,1.85,1.95,1.84,2.02,1.9,2.02,1.82,1.94,0.25,1.93,1.88,2.02,1.86,2.02,1.93,1.94,1.86,,,,,,,,,,,,,,,,,,,,,,,,,,,,,,,,,,,,,,,,,
EC,17/10/2020,15:00,Weymouth,King’s Lynn,,,,,,,2.6,3.2,2.4,,,,2.65,3.25,2.45,,,,,,,2.75,3.25,2.5,2.72,3.44,2.49,2.64,3.25,2.43,2.6,3.2,,,3.44,2.49,3.25,2.43,0,2.3,3.4,,,1.91,1.8,1.91,1.8,,,,,,,,,,,,,,,,,,,,,,,,,,,,,,,,,,,,,,,,,
EC,17/10/2020,15:00,Woking,Halifax,,,,,,,2.3,3.4,2.8,2.3,3.4,2.8,2.25,3.3,2.85,2.27,3.68,3.06,2.25,3.3,2.9,2.38,3.3,2.88,2.38,3.68,3.06,2.24,3.41,2.9,1.9,1.9,1.93,1.92,1.95,1.93,1.89,1.87,-0.25,2.02,1.77,1.98,1.89,2.07,1.91,1.98,1.83,,,,,,,,,,,,,,,,,,,,,,,,,,,,,,,,,,,,,,,,,
E0,17/10/2020,15:00,Chelsea,Southampton,,,,,,,1.45,4.75,6.5,1.5,4.6,6,1.57,4.2,5.75,1.56,4.53,6.14,1.53,4.33,6,1.5,4.5,6,1.58,4.8,6.5,1.53,4.56,5.92,1.57,2.37,1.62,2.44,1.64,2.55,1.58,2.4,-1,1.88,2.02,1.92,2.01,1.94,2.06,1.87,2.01,,,,,,,,,,,,,,,,,,,,,,,,,,,,,,,,,,,,,,,,,
E0,18/10/2020,14:00,Crystal Palace,Brighton,,,,,,,2.62,3.3,2.7,2.6,3.3,2.75,2.65,3,2.8,2.73,3.34,2.83,2.62,3.25,2.75,2.7,3.13,2.75,2.8,3.42,2.88,2.68,3.25,2.76,2.2,1.66,2.23,1.74,2.3,1.76,2.19,1.69,0,1.91,1.99,1.93,2,1.93,2.03,1.9,1.97,,,,,,,,,,,,,,,,,,,,,,,,,,,,,,,,,,,,,,,,,
E0,17/10/2020,12:30,Everton,Liverpool,,,,,,,3.75,4.2,1.83,3.8,4.1,1.83,3.9,3.8,1.83,4.04,4.2,1.87,4,3.9,1.83,3.75,4,1.87,4.15,4.21,1.91,3.91,4.08,1.85,1.53,2.5,1.55,2.63,1.6,2.65,1.53,2.53,0.75,1.75,2.05,1.83,2.1,1.85,2.14,1.8,2.08,,,,,,,,,,,,,,,,,,,,,,,,,,,,,,,,,,,,,,,,,
E0,19/10/2020,20:00,Leeds,Wolves,,,,,,,2.5,3.3,2.87,2.5,3.2,3,2.5,3,2.95,2.55,3.31,3.07,2.45,3.25,3,2.5,3.25,2.9,2.58,3.44,3.1,2.5,3.26,2.97,2.1,1.72,2.2,1.76,2.21,1.79,2.13,1.72,-0.25,2.08,1.73,2.17,1.79,2.17,1.82,2.13,1.77,,,,,,,,,,,,,,,,,,,,,,,,,,,,,,,,,,,,,,,,,
E0,18/10/2020,19:15,Leicester,Aston Villa,,,,,,,1.83,3.8,4.1,1.83,3.9,4,1.9,3.6,3.85,1.93,3.89,4.1,1.88,3.7,4,1.85,3.8,4,1.96,4,4.23,1.89,3.82,3.97,1.66,2.2,1.67,2.35,1.69,2.4,1.63,2.3,-0.5,1.89,2.01,1.93,2.01,1.95,2.05,1.9,1.99,,,,,,,,,,,,,,,,,,,,,,,,,,,,,,,,,,,,,,,,,
E0,17/10/2020,17:30,Man City,Arsenal,,,,,,,1.44,5,6.5,1.48,4.75,6,1.5,4.5,5.75,1.51,4.87,6.36,1.47,4.75,6,1.5,4.75,6,1.53,5.1,6.55,1.49,4.85,6.09,1.44,2.75,1.45,2.93,1.46,2.95,1.43,2.8,-1.25,2.06,1.84,2.08,1.85,2.09,1.9,2.03,1.85,,,,,,,,,,,,,,,,,,,,,,,,,,,,,,,,,,,,,,,,,
E0,17/10/2020,20:00,Newcastle,Man United,,,,,,,4.75,4,1.66,4.75,4.2,1.65,4.7,3.75,1.73,4.87,4.18,1.74,4.75,4,1.7,5,3.9,1.67,5,4.3,1.76,4.78,4.08,1.7,1.72,2.1,1.75,2.21,1.8,2.23,1.74,2.11,0.75,1.98,1.92,1.99,1.94,2.05,1.94,1.98,1.89,,,,,,,,,,,,,,,,,,,,,,,,,,,,,,,,,,,,,,,,,
E0,18/10/2020,12:00,Sheffield United,Fulham,,,,,,,2.1,3.3,3.7,2.05,3.4,3.7,2.15,3.1,3.7,2.15,3.4,3.84,2.1,3.25,3.75,2.05,3.25,3.9,2.17,3.45,3.95,2.11,3.32,3.74,2.2,1.66,2.31,1.69,2.33,1.71,2.25,1.65,-0.25,1.75,2.05,1.84,2.11,1.85,2.14,1.8,2.08,,,,,,,,,,,,,,,,,,,,,,,,,,,,,,,,,,,,,,,,,
E0,18/10/2020,16:30,Tottenham,West Ham,,,,,,,1.57,4.33,5.5,1.57,4.25,5.5,1.63,3.95,5,1.64,4.21,5.63,1.62,4,5.5,1.6,4.2,5.25,1.67,4.35,5.75,1.62,4.19,5.34,1.57,2.37,1.61,2.47,1.65,2.47,1.59,2.37,-1,2.07,1.83,2.11,1.83,2.12,1.87,2.06,1.83,,,,,,,,,,,,,,,,,,,,,,,,,,,,,,,,,,,,,,,,,
E0,19/10/2020,17:30,West Brom,Burnley,,,,,,,2.45,3.3,2.9,2.45,3.3,2.95,2.5,3.05,2.95,2.54,3.37,3.05,2.45,3.3,3,2.45,3.2,3,2.58,3.5,3.1,2.49,3.3,2.97,2.1,1.72,2.16,1.78,2.21,1.8,2.12,1.73,-0.25,2.08,1.73,2.16,1.79,2.19,1.83,2.12,1.78,,,,,,,,,,,,,,,,,,,,,,,,,,,,,,,,,,,,,,,,,
F1,18/10/2020,14:00,Angers,Metz,,,,,,,2,3.4,3.9,2,3.4,3.9,2.05,3.1,3.95,2.05,3.45,4.09,2.05,3.2,3.8,2,3.13,4,2.18,3.5,4.2,2.04,3.33,3.84,2.3,1.61,2.33,1.67,2.42,1.69,2.29,1.62,-0.5,2.06,1.87,2.05,1.88,2.08,1.9,2.04,1.82,,,,,,,,,,,,,,,,,,,,,,,,,,,,,,,,,,,,,,,,,
F1,16/10/2020,18:00,Dijon,Rennes,,,,,,,5.25,3.8,1.66,5,3.8,1.7,5,3.65,1.7,5.28,4.06,1.7,5,3.9,1.65,5.25,3.9,1.65,5.28,4.18,1.73,5.02,3.92,1.68,1.85,2,1.89,2.02,1.92,2.1,1.84,1.97,0.75,2.03,1.9,2.03,1.9,2.06,1.93,1.99,1.87,,,,,,,,,,,,,,,,,,,,,,,,,,,,,,,,,,,,,,,,,
F1,18/10/2020,20:00,Lille,Lens,,,,,,,1.83,3.6,4.33,1.85,3.6,4.33,1.9,3.3,4.3,1.9,3.73,4.38,1.88,3.5,4.2,1.85,3.4,4.2,1.97,3.78,4.5,1.87,3.55,4.26,2.1,1.72,2.16,1.77,2.18,1.8,2.08,1.74,-0.5,1.93,2,1.9,2.03,1.97,2.03,1.88,1.97,,,,,,,,,,,,,,,,,,,,,,,,,,,,,,,,,,,,,,,,,
F1,17/10/2020,20:00,Marseille,Bordeaux,,,,,,,2,3.5,3.8,2,3.6,3.7,2.05,3.15,3.8,2.09,3.48,3.9,2.05,3.25,3.8,2,3.3,4,2.13,3.6,4.05,2.03,3.39,3.79,2.1,1.72,2.15,1.77,2.21,1.82,2.12,1.72,-0.5,2.06,1.87,2.09,1.85,2.09,1.89,2.03,1.83,,,,,,,,,,,,,,,,,,,,,,,,,,,,,,,,,,,,,,,,,
F1,18/10/2020,14:00,Monaco,Montpellier,,,,,,,1.9,3.6,4,1.48,4.75,6,1.6,4.1,5.5,1.51,5,6.15,1.47,4.6,6,1.8,3.6,4.2,1.54,5.02,6.75,1.5,4.64,6,1.72,2.1,1.66,2.35,1.72,2.38,1.65,2.26,-1,2.6,1.48,1.84,2.1,1.87,2.17,1.82,2.08,,,,,,,,,,,,,,,,,,,,,,,,,,,,,,,,,,,,,,,,,
F1,18/10/2020,14:00,Nantes,Brest,,,,,,,2.15,3.4,3.4,2.2,3.4,3.3,2.15,3.3,3.35,2.17,3.65,3.48,2.1,3.4,3.4,2.15,3.25,3.4,2.22,3.65,3.5,2.14,3.47,3.36,2,1.8,2.01,1.9,2.03,1.91,1.96,1.84,-0.25,1.9,2.03,1.88,2.05,1.91,2.05,1.86,1.99,,,,,,,,,,,,,,,,,,,,,,,,,,,,,,,,,,,,,,,,,
F1,16/10/2020,20:00,Nimes,Paris SG,,,,,,,6.5,5,1.4,6.75,5,1.42,6.25,5,1.45,7.17,5.29,1.42,7.5,4.75,1.4,8,5,1.36,8.3,5.35,1.45,7.19,5.02,1.41,1.57,2.37,1.57,2.5,1.59,2.63,1.55,2.44,1.25,2,1.93,1.99,1.92,2.04,1.95,1.98,1.89,,,,,,,,,,,,,,,,,,,,,,,,,,,,,,,,,,,,,,,,,
F1,17/10/2020,16:00,Reims,Lorient,,,,,,,2.1,3.4,3.6,2.15,3.3,3.5,2.15,3.15,3.6,2.15,3.49,3.7,2.1,3.25,3.6,2.1,3.25,3.7,2.2,3.5,3.75,2.11,3.36,3.56,2.2,1.66,2.25,1.71,2.31,1.74,2.18,1.68,-0.25,1.84,2.09,1.85,2.09,1.86,2.1,1.82,2.04,,,,,,,,,,,,,,,,,,,,,,,,,,,,,,,,,,,,,,,,,
F1,18/10/2020,16:00,St Etienne,Nice,,,,,,,2.25,3.25,3.25,2.3,3.3,3.2,2.4,3.05,3.15,2.42,3.29,3.29,2.35,3.25,3.1,2.3,3.2,3.1,2.43,3.5,3.35,2.34,3.25,3.16,2.1,1.72,2.13,1.78,2.14,1.84,2.07,1.75,-0.25,2.04,1.89,2.06,1.87,2.07,1.93,2,1.86,,,,,,,,,,,,,,,,,,,,,,,,,,,,,,,,,,,,,,,,,
F1,18/10/2020,12:00,Strasbourg,Lyon,,,,,,,3.6,3.3,2.15,3.4,3.3,2.2,3.45,3.15,2.2,3.54,3.38,2.12,3.4,3.4,2.1,3.4,3.2,2.15,3.7,3.54,2.26,3.46,3.34,2.14,2.1,1.72,2.02,1.81,2.1,1.85,2.03,1.77,0.25,2.04,1.89,2.02,1.82,2.08,1.97,1.99,1.85,,,,,,,,,,,,,,,,,,,,,,,,,,,,,,,,,,,,,,,,,
F2,17/10/2020,18:00,Ajaccio,Toulouse,,,,,,,2.1,3.1,3.8,2.1,3.1,3.6,2.25,2.95,3.3,2.3,3.17,3.47,2.2,3.1,3.5,2.25,3,3.6,2.3,3.24,3.8,2.21,3.08,3.39,2.4,1.53,2.46,1.57,2.5,1.6,2.39,1.55,-0.25,1.9,1.95,1.95,1.92,1.97,2,1.91,1.93,,,,,,,,,,,,,,,,,,,,,,,,,,,,,,,,,,,,,,,,,
F2,17/10/2020,18:00,Amiens,Grenoble,,,,,,,2.3,3.1,3.2,2.35,2.9,3.25,2.35,2.75,3.35,2.42,2.88,3.59,2.35,2.88,3.5,2.4,2.9,3.4,2.45,3.1,3.59,2.34,2.87,3.36,2.5,1.5,2.58,1.52,2.6,1.58,2.5,1.51,-0.25,2,1.85,2.02,1.85,2.06,1.94,2,1.84,,,,,,,,,,,,,,,,,,,,,,,,,,,,,,,,,,,,,,,,,
F2,16/10/2020,18:00,Chambly,Clermont,,,,,,,4.33,3,2,4,3,2,4.1,2.95,2,4.25,3.26,2.03,4.33,2.9,2.05,4.4,3.1,2,4.41,3.26,2.2,4.05,3.09,2.01,2.5,1.5,2.71,1.49,2.71,1.54,2.59,1.48,0.5,1.85,2,1.86,2.03,1.92,2.08,1.83,2.01,,,,,,,,,,,,,,,,,,,,,,,,,,,,,,,,,,,,,,,,,
F2,19/10/2020,19:45,Guingamp,Auxerre,,,,,,,2.25,3.1,3.4,2.3,3,3.2,2.2,2.85,3.55,2.24,3.1,3.7,2.25,3,3.6,2.25,2.9,3.7,2.3,3.22,3.72,2.21,2.99,3.47,2.5,1.5,2.5,1.55,2.7,1.57,2.51,1.5,-0.25,1.93,1.93,1.89,1.98,1.97,2,1.89,1.93,,,,,,,,,,,,,,,,,,,,,,,,,,,,,,,,,,,,,,,,,
F2,17/10/2020,18:00,Le Havre,Chateauroux,,,,,,,1.85,3.25,4.5,1.9,2.9,4.75,1.95,2.9,4.4,1.99,2.98,4.91,1.95,3,4.6,1.9,3.2,4.6,2.05,3.34,4.91,1.95,3.02,4.44,2.35,1.57,2.47,1.56,2.5,1.6,2.38,1.55,-0.5,1.95,1.9,1.99,1.88,2.04,1.99,1.94,1.89,,,,,,,,,,,,,,,,,,,,,,,,,,,,,,,,,,,,,,,,,
F2,17/10/2020,18:00,Nancy,Dunkerque,,,,,,,2.1,3.1,3.4,2.4,3,3,2.4,2.9,3.05,2.41,3.22,3.19,2.38,3.1,3.2,2.4,3,3.25,2.55,3.22,3.4,2.37,3.07,3.08,2.5,1.5,2.55,1.53,2.63,1.55,2.5,1.51,-0.25,2,1.85,2.05,1.83,2.08,1.9,2.02,1.82,,,,,,,,,,,,,,,,,,,,,,,,,,,,,,,,,,,,,,,,,
F2,17/10/2020,18:00,Niort,Caen,,,,,,,2.8,2.9,2.6,2.9,2.85,2.6,2.85,2.9,2.55,3.03,3.18,2.54,3,3,2.55,2.9,2.9,2.7,3.03,3.18,2.7,2.89,3.02,2.53,2.4,1.53,2.49,1.56,2.55,1.58,2.44,1.53,0,2.02,1.83,2.13,1.78,2.13,1.89,2.03,1.8,,,,,,,,,,,,,,,,,,,,,,,,,,,,,,,,,,,,,,,,,
F2,17/10/2020,18:00,Paris FC,Pau FC,,,,,,,1.9,3.25,4.33,1.9,3.1,4.4,1.95,3.05,4.2,1.96,3.25,4.47,1.91,3.2,4.4,1.93,3.2,4.5,1.98,3.35,4.55,1.92,3.19,4.23,2.35,1.57,2.44,1.58,2.5,1.62,2.38,1.56,-0.5,1.95,1.9,1.96,1.9,2,1.95,1.93,1.9,,,,,,,,,,,,,,,,,,,,,,,,,,,,,,,,,,,,,,,,,
F2,17/10/2020,18:00,Rodez,Troyes,,,,,,,3.1,3.1,2.4,2.85,2.9,2.6,2.95,2.85,2.5,3.14,3.09,2.52,3.1,3,2.5,3.13,3,2.5,3.14,3.14,2.66,2.97,3,2.48,2.4,1.53,2.45,1.57,2.55,1.61,2.4,1.55,0,2.15,1.73,2.17,1.73,2.23,1.85,2.1,1.75,,,,,,,,,,,,,,,,,,,,,,,,,,,,,,,,,,,,,,,,,
F2,17/10/2020,14:00,Valenciennes,Sochaux,,,,,,,2.45,3.1,3,2.35,2.95,3.2,2.5,2.75,3.05,2.62,2.97,3.12,2.55,2.88,3.1,2.6,2.88,3.13,2.62,3.1,3.29,2.49,2.92,3.05,2.6,1.47,2.7,1.49,2.79,1.5,2.65,1.46,0,1.75,2.05,1.78,2.12,1.79,2.23,1.74,2.12,,,,,,,,,,,,,,,,,,,,,,,,,,,,,,,,,,,,,,,,,
D2,18/10/2020,12:30,Erzgebirge Aue,Heidenheim,,,,,,,2.55,3.5,2.6,2.55,3.5,2.7,2.6,3.25,2.65,2.68,3.38,2.79,2.55,3.25,2.7,2.45,3.5,2.55,2.7,3.54,2.79,2.57,3.32,2.67,1.8,2,1.9,1.99,1.92,2.06,1.84,1.95,0,1.88,1.98,1.92,1.99,1.94,2.04,1.88,1.97,,,,,,,,,,,,,,,,,,,,,,,,,,,,,,,,,,,,,,,,,
D2,17/10/2020,12:00,Braunschweig,Bochum,,,,,,,3.4,3.4,2.1,3.5,3.5,2.1,3.4,3.4,2.1,3.56,3.52,2.16,3.3,3.4,2.1,3.25,3.5,2.1,3.56,3.65,2.2,3.37,3.44,2.1,1.8,2,1.86,2.04,1.88,2.12,1.79,2.01,0.25,2.02,1.83,2.05,1.86,2.08,1.87,2.02,1.83,,,,,,,,,,,,,,,,,,,,,,,,,,,,,,,,,,,,,,,,,
D2,18/10/2020,12:30,Fortuna Dusseldorf,Regensburg,,,,,,,1.72,3.75,4.5,1.78,3.7,4.6,1.75,3.75,4.5,1.78,3.9,4.71,1.73,3.6,4.6,1.73,3.8,4.1,1.8,4.02,4.83,1.74,3.76,4.46,1.7,2.1,1.73,2.19,1.76,2.23,1.7,2.13,-0.75,1.98,1.88,2,1.91,2.02,1.94,1.97,1.88,,,,,,,,,,,,,,,,,,,,,,,,,,,,,,,,,,,,,,,,,
D2,17/10/2020,12:00,Greuther Furth,Hamburg,,,,,,,3.8,3.6,1.9,3.8,3.75,1.91,3.75,3.6,1.95,3.87,3.73,1.99,3.75,3.6,1.91,3.6,3.8,1.9,3.87,3.8,2,3.71,3.63,1.93,1.66,2.15,1.71,2.22,1.73,2.29,1.68,2.16,0.5,1.93,1.93,1.92,1.99,1.97,2.01,1.91,1.93,,,,,,,,,,,,,,,,,,,,,,,,,,,,,,,,,,,,,,,,,
D2,17/10/2020,12:00,Karlsruhe,Sandhausen,,,,,,,2.4,3.3,2.9,2.4,3.3,3,2.45,3.25,2.95,2.62,3.32,2.9,2.4,3.2,2.9,2.38,3.4,2.8,2.62,3.53,3.1,2.42,3.26,2.91,1.95,1.85,1.98,1.9,2.04,1.94,1.93,1.85,-0.25,2.1,1.77,2.15,1.79,2.15,1.85,2.08,1.79,,,,,,,,,,,,,,,,,,,,,,,,,,,,,,,,,,,,,,,,,
D2,18/10/2020,12:30,Paderborn,Hannover,,,,,,,3.1,3.5,2.2,3,3.6,2.3,2.95,3.5,2.3,3.06,3.63,2.35,3,3.4,2.25,2.8,3.5,2.25,3.1,3.75,2.36,2.94,3.52,2.28,1.65,2.2,1.67,2.31,1.69,2.33,1.64,2.23,0.25,1.85,2,1.88,2.04,1.89,2.05,1.85,1.99,,,,,,,,,,,,,,,,,,,,,,,,,,,,,,,,,,,,,,,,,
D2,19/10/2020,19:30,St Pauli,Nurnberg,,,,,,,2.6,3.4,2.62,2.45,3.5,2.8,2.4,3.35,2.8,2.49,3.44,2.93,2.4,3.4,2.8,2.3,3.4,2.75,2.6,3.6,2.94,2.41,3.39,2.8,1.8,2,1.8,2.07,1.85,2.12,1.77,2.02,0,1.8,2.05,1.79,2.12,1.88,2.12,1.79,2.07,,,,,,,,,,,,,,,,,,,,,,,,,,,,,,,,,,,,,,,,,
D2,18/10/2020,12:30,Wurzburger Kickers,Holstein Kiel,,,,,,,3.6,3.8,1.9,3.6,3.8,1.95,3.55,3.75,1.95,3.65,3.94,2,3.5,3.7,1.95,3.3,3.75,1.93,3.67,3.94,2.05,3.5,3.74,1.95,1.65,2.2,1.65,2.34,1.7,2.37,1.63,2.25,0.5,1.88,1.98,1.91,2,1.94,2.05,1.87,1.97,,,,,,,,,,,,,,,,,,,,,,,,,,,,,,,,,,,,,,,,,
D1,17/10/2020,17:30,Bielefeld,Bayern Munich,,,,,,,13,8.5,1.16,14,7.25,1.19,13,7.5,1.2,15.18,7.9,1.19,13,7.5,1.18,13,8,1.17,15.5,8.6,1.22,13.73,7.73,1.19,1.28,3.75,1.29,3.77,1.31,3.85,1.28,3.61,2,2.05,1.75,2.15,1.77,2.19,1.9,2.08,1.79,,,,,,,,,,,,,,,,,,,,,,,,,,,,,,,,,,,,,,,,,
D1,17/10/2020,14:30,Augsburg,RB Leipzig,,,,,,,5.75,4.5,1.53,5.5,4.6,1.53,5.75,4.3,1.53,6.16,4.61,1.55,5.8,4.4,1.52,5.5,4.5,1.53,6.16,4.84,1.57,5.76,4.52,1.53,1.53,2.5,1.54,2.62,1.56,2.63,1.52,2.51,1,2.03,1.9,2.07,1.87,2.08,1.91,2.01,1.86,,,,,,,,,,,,,,,,,,,,,,,,,,,,,,,,,,,,,,,,,
D1,17/10/2020,19:30,M'gladbach,Wolfsburg,,,,,,,1.85,3.8,4,1.85,3.75,4.1,1.9,3.6,4,1.89,3.91,4.19,1.85,3.7,4,1.87,3.9,3.8,1.92,4.05,4.2,1.86,3.85,4.01,1.66,2.2,1.69,2.29,1.74,2.34,1.67,2.2,-0.5,1.89,2.04,1.89,2.04,1.92,2.07,1.87,2,,,,,,,,,,,,,,,,,,,,,,,,,,,,,,,,,,,,,,,,,
D1,18/10/2020,14:30,FC Koln,Ein Frankfurt,,,,,,,3.2,3.8,2.1,3.3,3.7,2.1,3.15,3.6,2.15,3.28,3.95,2.15,3.1,3.7,2.15,3,3.8,2.1,3.3,4,2.2,3.16,3.78,2.13,1.44,2.75,1.5,2.73,1.53,2.76,1.48,2.61,0.25,2.01,1.92,2.04,1.88,2.04,1.93,1.98,1.87,,,,,,,,,,,,,,,,,,,,,,,,,,,,,,,,,,,,,,,,,
D1,17/10/2020,14:30,Freiburg,Werder Bremen,,,,,,,2.25,3.5,3.1,2.25,3.5,3.1,2.25,3.3,3.1,2.29,3.63,3.23,2.25,3.4,3.1,2.2,3.6,3.1,2.31,3.63,3.24,2.26,3.51,3.12,1.8,2,1.8,2.11,1.89,2.12,1.79,2.02,-0.25,1.97,1.96,1.98,1.94,1.99,1.99,1.95,1.91,,,,,,,,,,,,,,,,,,,,,,,,,,,,,,,,,,,,,,,,,
D1,17/10/2020,14:30,Hertha,Stuttgart,,,,,,,2.05,3.8,3.3,2.05,3.8,3.3,2.1,3.6,3.3,2.1,3.88,3.46,2.05,3.8,3.3,2.05,3.8,3.3,2.15,4.12,3.46,2.06,3.81,3.33,1.53,2.5,1.53,2.64,1.56,2.64,1.52,2.51,-0.25,1.84,2.09,1.83,2.1,1.85,2.13,1.81,2.07,,,,,,,,,,,,,,,,,,,,,,,,,,,,,,,,,,,,,,,,,
D1,17/10/2020,14:30,Hoffenheim,Dortmund,,,,,,,4,4.33,1.75,4,4.33,1.75,4,4.1,1.77,4.17,4.52,1.78,4.2,4.2,1.73,3.9,4.4,1.75,4.5,4.55,1.81,4.03,4.32,1.76,1.36,3.2,1.39,3.16,1.41,3.2,1.38,2.99,0.75,1.94,1.99,1.95,1.97,1.97,2.03,1.91,1.95,,,,,,,,,,,,,,,,,,,,,,,,,,,,,,,,,,,,,,,,,
D1,17/10/2020,14:30,Mainz,Leverkusen,,,,,,,5.5,4.33,1.57,5.25,4.4,1.57,5,4.1,1.63,5.49,4.35,1.63,5.25,4.33,1.57,5,4.4,1.6,5.64,4.68,1.65,5.13,4.35,1.61,1.44,2.75,1.5,2.72,1.5,2.83,1.46,2.68,1,1.91,2.02,1.93,2,1.94,2.05,1.88,1.98,,,,,,,,,,,,,,,,,,,,,,,,,,,,,,,,,,,,,,,,,
D1,18/10/2020,17:00,Schalke 04,Union Berlin,,,,,,,2.75,3.25,2.6,2.7,3.25,2.7,2.85,3,2.6,2.95,3.29,2.64,2.8,3.2,2.55,2.7,3.3,2.5,2.96,3.46,2.72,2.82,3.23,2.59,2.1,1.72,2.13,1.79,2.16,1.83,2.08,1.75,0,2.04,1.89,2.08,1.85,2.08,1.96,2.01,1.85,,,,,,,,,,,,,,,,,,,,,,,,,,,,,,,,,,,,,,,,,
G1,18/10/2020,18:30,AEK,PAOK,,,,,,,2.87,3,2.45,2.8,2.95,2.6,2.8,2.95,2.6,2.86,3.05,2.69,2.8,3.2,2.5,2.8,3,2.6,2.87,3.4,2.69,2.77,3.05,2.57,2.05,1.75,2.05,1.79,2.1,1.83,2.01,1.76,0,2,1.85,1.98,1.86,2.04,1.91,1.98,1.83,,,,,,,,,,,,,,,,,,,,,,,,,,,,,,,,,,,,,,,,,
G1,18/10/2020,16:15,Larisa,Asteras Tripolis,,,,,,,2.37,3.2,2.8,2.45,2.85,3.1,2.55,2.7,3.15,2.59,2.81,3.25,2.45,3,3.1,2.55,2.8,3,2.65,3.2,3.25,2.52,2.85,3.05,2.25,1.61,2.52,1.52,2.52,1.61,2.4,1.54,0,1.77,2.1,1.71,2.16,1.82,2.16,1.73,2.1,,,,,,,,,,,,,,,,,,,,,,,,,,,,,,,,,,,,,,,,,
G1,17/10/2020,16:15,Aris,Apollon,,,,,,,1.55,3.6,5.75,1.55,3.7,6,1.6,3.7,6,1.57,3.96,5.65,1.57,3.7,6,1.57,3.6,6,1.63,4.01,6,1.57,3.79,5.65,2.2,1.65,2.2,1.65,2.28,1.7,2.19,1.64,-0.75,,,1.79,2.07,1.82,2.09,1.78,2.05,,,,,,,,,,,,,,,,,,,,,,,,,,,,,,,,,,,,,,,,,
G1,19/10/2020,17:30,Lamia,Panetolikos,,,,,,,2.3,3.1,3.3,2.25,2.9,3.4,2.4,2.8,3.4,2.42,2.8,3.58,2.38,3.1,3.1,2.4,2.9,3.13,2.45,3.22,3.58,2.33,2.9,3.27,2.25,1.61,2.34,1.6,2.41,1.66,2.26,1.6,-0.25,2.02,1.83,2.01,1.83,2.07,1.86,1.99,1.81,,,,,,,,,,,,,,,,,,,,,,,,,,,,,,,,,,,,,,,,,
G1,18/10/2020,14:00,OFI Crete,Panathinaikos,,,,,,,3,3.25,2.2,3,3.25,2.3,3.35,3.1,2.25,3.38,3.33,2.2,3.25,3.1,2.25,3.13,3.2,2.25,3.38,3.34,2.3,3.2,3.22,2.2,2.2,1.65,2.23,1.66,2.27,1.7,2.2,1.64,0.25,1.9,1.95,1.94,1.89,2,2.02,1.89,1.92,,,,,,,,,,,,,,,,,,,,,,,,,,,,,,,,,,,,,,,,,
G1,17/10/2020,18:30,Olympiakos,Atromitos,,,,,,,1.28,4.75,10,1.26,5,12,1.33,5,10,1.25,5.77,11.79,1.27,5.25,11,1.29,5,10,1.33,6,12,1.27,5.32,10.2,1.72,2.07,1.73,2.1,1.79,2.16,1.72,2.07,-1.5,1.95,1.9,1.93,1.91,2,2,1.9,1.91,,,,,,,,,,,,,,,,,,,,,,,,,,,,,,,,,,,,,,,,,
G1,17/10/2020,14:00,Volos NFC,Giannina,,,,,,,2.2,3.1,3.25,2.25,3.3,3,2.3,3.15,3.1,2.34,3.46,3.01,2.25,3.25,3.1,2.2,3.25,3.13,2.45,3.46,3.25,2.26,3.29,3.02,2.2,1.65,2.24,1.65,2.39,1.7,2.19,1.64,-0.25,1.95,1.9,2.02,1.83,2.02,1.95,1.96,1.86,,,,,,,,,,,,,,,,,,,,,,,,,,,,,,,,,,,,,,,,,
I1,18/10/2020,19:45,Roma,Benevento,,,,,,,1.33,5.5,8.5,1.3,5.75,9.25,1.37,5,8,1.33,5.66,10.09,1.32,5.25,9.5,1.29,5.25,10,1.38,5.75,10.09,1.33,5.4,8.86,1.53,2.5,1.54,2.62,1.56,2.63,1.52,2.51,-1.5,1.99,1.94,2.01,1.91,2.01,2.01,1.95,1.91,,,,,,,,,,,,,,,,,,,,,,,,,,,,,,,,,,,,,,,,,
I1,18/10/2020,11:30,Bologna,Sassuolo,,,,,,,2.9,3.6,2.3,2.85,3.6,2.3,2.8,3.45,2.4,2.9,3.74,2.44,2.8,3.7,2.38,2.88,3.5,2.3,3,3.86,2.45,2.84,3.65,2.37,1.53,2.5,1.55,2.6,1.6,2.6,1.54,2.47,0.25,1.83,2.1,1.82,2.12,1.88,2.13,1.81,2.07,,,,,,,,,,,,,,,,,,,,,,,,,,,,,,,,,,,,,,,,,
I1,17/10/2020,19:45,Crotone,Juventus,,,,,,,6.5,4.5,1.45,7.25,4.4,1.45,7,4.7,1.45,8.58,4.37,1.4,9,4.4,1.4,8.5,4.5,1.4,9.6,4.8,1.47,7.96,4.48,1.42,1.72,2.1,1.7,2.15,1.79,2.25,1.7,2.14,1.25,1.83,2.07,1.85,1.99,1.96,2.05,1.88,1.97,,,,,,,,,,,,,,,,,,,,,,,,,,,,,,,,,,,,,,,,,
I1,17/10/2020,17:00,Inter,Milan,,,,,,,2.3,3.5,3,2.3,3.5,3,2.35,3.35,3,2.37,3.66,3.06,2.3,3.5,3,2.3,3.4,3.1,2.42,3.72,3.13,2.31,3.53,3.01,1.72,2.1,1.74,2.2,1.79,2.25,1.71,2.14,-0.25,2.04,1.89,2.05,1.88,2.06,1.93,2,1.86,,,,,,,,,,,,,,,,,,,,,,,,,,,,,,,,,,,,,,,,,
I1,17/10/2020,14:00,Napoli,Atalanta,,,,,,,2.5,3.8,2.55,2.45,3.75,2.65,2.5,3.55,2.6,2.53,3.93,2.69,2.5,3.7,2.62,2.5,3.7,2.6,2.59,3.96,2.75,2.49,3.78,2.62,1.44,2.75,1.46,2.87,1.47,2.9,1.43,2.77,0,1.92,2.01,1.9,2.02,1.95,2.04,1.9,1.98,,,,,,,,,,,,,,,,,,,,,,,,,,,,,,,,,,,,,,,,,
I1,17/10/2020,17:00,Sampdoria,Lazio,,,,,,,3.3,3.5,2.15,3.25,3.6,2.15,3.25,3.35,2.2,3.38,3.64,2.21,3.3,3.5,2.15,3.4,3.4,2.15,3.55,3.66,2.23,3.3,3.55,2.16,1.66,2.2,1.71,2.24,1.75,2.26,1.69,2.16,0.25,2.01,1.92,2.01,1.92,2.03,1.92,1.98,1.88,,,,,,,,,,,,,,,,,,,,,,,,,,,,,,,,,,,,,,,,,
I1,18/10/2020,14:00,Spezia,Fiorentina,,,,,,,5.25,4,1.61,5.5,4,1.62,5.25,3.85,1.63,5.84,4.1,1.64,5.5,4,1.62,5.5,3.8,1.6,5.85,4.34,1.67,5.42,4.06,1.62,1.72,2.1,1.75,2.19,1.79,2.21,1.72,2.12,1,1.83,2.1,1.84,2.1,1.84,2.19,1.79,2.07,,,,,,,,,,,,,,,,,,,,,,,,,,,,,,,,,,,,,,,,,
I1,18/10/2020,14:00,Torino,Cagliari,,,,,,,2.1,3.5,3.4,2.15,3.4,3.4,2.2,3.25,3.3,2.23,3.55,3.43,2.2,3.4,3.3,2.15,3.2,3.4,2.25,3.55,3.5,2.19,3.44,3.33,1.9,1.9,1.91,2,1.93,2.01,1.86,1.94,-0.25,1.91,2.02,1.93,2,1.93,2.05,1.89,1.98,,,,,,,,,,,,,,,,,,,,,,,,,,,,,,,,,,,,,,,,,
I1,18/10/2020,17:00,Udinese,Parma,,,,,,,,,,1.8,3.6,4.6,,,,,,,1.83,3.4,4.8,1.8,3.5,4.5,1.92,3.7,5,1.84,3.49,4.42,,,,,2.03,1.92,1.95,1.85,-0.5,,,,,1.9,2.06,1.85,2.01,,,,,,,,,,,,,,,,,,,,,,,,,,,,,,,,,,,,,,,,,
I1,19/10/2020,19:45,Verona,Genoa,,,,,,,,,,,,,,,,,,,,,,,,,2.05,3.4,3.75,2.05,3.4,3.75,,,,,,,,,,,,,,,,,,,,,,,,,,,,,,,,,,,,,,,,,,,,,,,,,,,,,,,,,,
I2,16/10/2020,20:00,Brescia,Lecce,,,,,,,2.4,3.1,3,2.45,3.2,3,2.45,3.25,2.9,2.54,3.29,3.02,2.3,3.1,3.3,2.45,3.2,3,2.54,3.29,3.03,2.43,3.2,2.88,1.9,1.9,1.94,1.94,1.97,1.99,1.9,1.89,0,1.7,2.1,1.79,2.14,1.81,2.17,1.75,2.11,,,,,,,,,,,,,,,,,,,,,,,,,,,,,,,,,,,,,,,,,
I2,17/10/2020,13:00,Cosenza,Cittadella,,,,,,,3,3.1,2.45,3,3.1,2.45,2.9,3.05,2.5,3.09,3.09,2.63,2.9,3,2.6,2.9,3.1,2.63,3.09,3.18,2.69,2.9,3.02,2.53,2.05,1.75,2.1,1.79,2.1,1.84,2.03,1.77,0,2.05,1.8,2.13,1.8,2.16,1.91,2.04,1.81,,,,,,,,,,,,,,,,,,,,,,,,,,,,,,,,,,,,,,,,,
I2,17/10/2020,13:00,Cremonese,Venezia,,,,,,,2,3.1,4,2.1,3.1,4,2.1,3.05,3.85,2.16,3.08,4.15,2.1,3.1,3.9,2.1,3.1,4,2.16,3.21,4.15,2.08,3.03,3.82,2.25,1.61,2.32,1.66,2.33,1.69,2.24,1.62,-0.25,1.8,2.05,1.82,2.11,1.85,2.14,1.79,2.06,,,,,,,,,,,,,,,,,,,,,,,,,,,,,,,,,,,,,,,,,
I2,17/10/2020,13:00,Virtus Entella,Reggina,,,,,,,2.37,3,3.2,2.25,3.1,3.3,2.4,3.1,3.1,2.44,3.15,3.33,2.4,3.1,3.1,2.45,3.13,3.13,2.45,3.27,3.33,2.35,3.07,3.12,2.05,1.75,2.09,1.82,2.14,1.83,2.04,1.76,-0.25,2.05,1.8,2.06,1.85,2.09,1.86,2.03,1.81,,,,,,,,,,,,,,,,,,,,,,,,,,,,,,,,,,,,,,,,,
I2,17/10/2020,13:00,Frosinone,Ascoli,,,,,,,1.75,3.5,4.75,1.83,3.4,4.75,1.83,3.4,4.5,1.86,3.4,5.01,1.8,3.4,4.75,1.8,3.5,4.8,1.89,3.55,5.01,1.81,3.37,4.53,1.95,1.85,1.96,1.93,2.01,1.97,1.91,1.87,-0.5,1.83,2.02,1.86,2.05,1.88,2.08,1.82,2.02,,,,,,,,,,,,,,,,,,,,,,,,,,,,,,,,,,,,,,,,,
I2,17/10/2020,15:00,Pescara,Empoli,,,,,,,2.8,3.25,2.5,2.9,3.1,2.5,2.9,3.15,2.45,3.04,3.17,2.61,3,3.1,2.5,3,3.13,2.55,3.04,3.26,2.61,2.89,3.1,2.48,2,1.85,2.03,1.87,2.03,1.93,1.96,1.83,0,2.05,1.8,2.11,1.81,2.11,1.88,2.05,1.79,,,,,,,,,,,,,,,,,,,,,,,,,,,,,,,,,,,,,,,,,
I2,17/10/2020,13:00,Pordenone,Spal,,,,,,,2.6,3,2.9,2.6,3.1,2.9,2.5,3.15,2.9,2.56,3.2,3.08,2.6,3.1,2.8,2.6,3.13,2.9,2.67,3.3,3.08,2.5,3.09,2.89,2.1,1.7,2.2,1.73,2.2,1.84,2.1,1.72,0,1.8,2.05,1.78,2.16,1.91,2.16,1.8,2.05,,,,,,,,,,,,,,,,,,,,,,,,,,,,,,,,,,,,,,,,,
I2,17/10/2020,13:00,Reggiana,Chievo,,,,,,,3,3,2.55,2.9,3,2.7,2.8,3,2.65,3.02,3.06,2.71,2.75,3.1,2.7,2.9,3,2.7,3.02,3.11,2.75,2.84,2.97,2.62,2.15,1.66,2.27,1.68,2.27,1.76,2.2,1.65,0,2.02,1.83,2.06,1.85,2.08,1.92,1.99,1.85,,,,,,,,,,,,,,,,,,,,,,,,,,,,,,,,,,,,,,,,,
I2,17/10/2020,13:00,Salernitana,Pisa,,,,,,,2.15,3.2,3.4,2.3,3.25,3.3,2.3,3.2,3.25,2.36,3.28,3.34,2.25,3.1,3.4,2.3,3.13,3.4,2.36,3.4,3.5,2.25,3.15,3.25,2.07,1.72,2.12,1.78,2.17,1.82,2.07,1.73,-0.25,1.95,1.9,2.01,1.89,2.01,1.96,1.94,1.9,,,,,,,,,,,,,,,,,,,,,,,,,,,,,,,,,,,,,,,,,
N1,18/10/2020,13:30,Ajax,Heerenveen,,,,,,,1.14,7.5,17,1.2,7.5,12,1.22,6.75,10,1.22,7.44,12.04,1.2,7,12,1.18,7,12,1.24,7.74,17,1.2,7.14,11.45,1.25,4,1.25,4.08,1.29,4.09,1.25,3.82,-2,1.91,1.99,1.92,1.97,1.93,2.03,1.87,1.96,,,,,,,,,,,,,,,,,,,,,,,,,,,,,,,,,,,,,,,,,
N1,17/10/2020,19:00,AZ Alkmaar,VVV Venlo,,,,,,,1.22,6,12,1.25,6,11.5,1.25,6,10,1.25,6.52,12.22,1.24,6,12,1.22,6,12,1.26,6.53,12.25,1.24,6.19,10.93,1.44,2.7,1.42,2.94,1.47,2.95,1.42,2.8,-1.75,1.91,1.99,1.88,2.01,1.95,2.03,1.88,1.97,,,,,,,,,,,,,,,,,,,,,,,,,,,,,,,,,,,,,,,,,
N1,18/10/2020,13:30,Den Haag,Vitesse,,,,,,,4.5,4.2,1.65,4.33,4.2,1.72,4.7,3.75,1.65,5.32,4.19,1.65,4.6,3.9,1.7,4.75,4,1.65,5.32,4.25,1.76,4.79,4.02,1.66,1.61,2.25,1.64,2.36,1.67,2.36,1.63,2.26,0.75,2.04,1.86,2.1,1.83,2.12,1.92,2.01,1.84,,,,,,,,,,,,,,,,,,,,,,,,,,,,,,,,,,,,,,,,,
N1,18/10/2020,19:00,FC Emmen,For Sittard,,,,,,,1.95,4,3.3,2.05,3.8,3.3,1.97,3.6,3.3,2.02,3.99,3.53,2.05,3.7,3.3,2,3.8,3.25,2.11,4,3.55,2,3.79,3.34,1.57,2.35,1.59,2.46,1.61,2.55,1.56,2.4,-0.5,2.01,1.89,2.02,1.89,2.09,1.91,2.01,1.84,,,,,,,,,,,,,,,,,,,,,,,,,,,,,,,,,,,,,,,,,
N1,18/10/2020,11:15,Feyenoord,Sparta Rotterdam,,,,,,,1.33,5,7.5,1.35,5.25,8.25,1.35,5,7,1.36,5.53,8.79,1.35,5,8.5,1.33,5.25,7.5,1.38,5.55,8.79,1.35,5.28,7.74,1.44,2.7,1.43,2.96,1.47,2.96,1.43,2.78,-1.5,2.02,1.88,2.01,1.9,2.08,1.92,1.98,1.87,,,,,,,,,,,,,,,,,,,,,,,,,,,,,,,,,,,,,,,,,
N1,18/10/2020,15:45,Groningen,Utrecht,,,,,,,2.9,3.5,2.3,3,3.6,2.3,2.85,3.25,2.35,2.92,3.6,2.45,2.9,3.4,2.38,2.9,3.4,2.3,2.95,3.62,2.46,2.87,3.45,2.35,1.85,1.95,1.87,2.02,1.92,2.03,1.84,1.96,0.25,1.84,2.06,1.81,2.12,1.88,2.13,1.81,2.05,,,,,,,,,,,,,,,,,,,,,,,,,,,,,,,,,,,,,,,,,
N1,17/10/2020,17:45,Heracles,Waalwijk,,,,,,,1.53,4.5,5.5,1.57,4.25,5.75,1.55,4.1,5.25,1.56,4.44,6.06,1.55,4.2,5.8,1.53,4.33,5.5,1.6,4.55,6.06,1.54,4.31,5.52,1.57,2.35,1.62,2.41,1.63,2.47,1.58,2.34,-1,1.96,1.94,1.96,1.94,2,2.04,1.91,1.92,,,,,,,,,,,,,,,,,,,,,,,,,,,,,,,,,,,,,,,,,
N1,17/10/2020,20:00,Willem II,Twente,,,,,,,2,3.5,3.6,2,3.5,3.75,2,3.3,3.55,2.09,3.53,3.74,2.05,3.5,3.5,2,3.6,3.5,2.12,3.68,3.77,2.03,3.49,3.54,1.75,2.05,1.83,2.06,1.83,2.14,1.77,2.04,-0.5,2.04,1.86,2.09,1.83,2.15,1.92,2.04,1.82,,,,,,,,,,,,,,,,,,,,,,,,,,,,,,,,,,,,,,,,,
N1,18/10/2020,15:45,Zwolle,PSV Eindhoven,,,,,,,6,4,1.53,5.25,4.2,1.62,5,4.1,1.57,5.35,4.46,1.61,5.25,4.2,1.6,5,4.33,1.57,6,4.59,1.61,5.15,4.27,1.58,1.53,2.4,1.56,2.55,1.56,2.63,1.52,2.48,1,1.91,1.99,1.91,1.99,1.95,2.01,1.89,1.96,,,,,,,,,,,,,,,,,,,,,,,,,,,,,,,,,,,,,,,,,
P1,18/10/2020,15:00,Belenenses,Moreirense,,,,,,,2.3,3.1,3.25,2.35,2.95,3.25,2.4,2.95,3.25,2.49,2.99,3.42,2.4,2.9,3.3,2.38,3.1,3.1,2.5,3.14,3.42,2.39,2.95,3.23,2.25,1.61,2.33,1.65,2.34,1.69,2.25,1.62,-0.25,2.06,1.84,2.09,1.83,2.09,1.86,2.03,1.8,,,,,,,,,,,,,,,,,,,,,,,,,,,,,,,,,,,,,,,,,
P1,19/10/2020,20:15,Boavista,Guimaraes,,,,,,,3.8,3.3,2,3.9,3.2,2,3.8,3.15,2.1,3.97,3.24,2.11,3.8,3.2,2.05,3.7,3.25,2.05,3.97,3.4,2.21,3.72,3.21,2.06,2.2,1.65,2.26,1.68,2.29,1.71,2.21,1.64,0.5,1.77,2.02,1.8,2.11,1.86,2.11,1.76,2.06,,,,,,,,,,,,,,,,,,,,,,,,,,,,,,,,,,,,,,,,,
P1,17/10/2020,18:00,Sp Braga,Nacional,,,,,,,1.33,4.5,7,1.4,4.75,7,1.4,4.9,7.5,1.38,5.08,9.13,1.38,4.6,8.5,1.4,4.6,7.5,1.42,5.08,9.13,1.38,4.78,7.71,1.7,2.1,1.71,2.23,1.73,2.27,1.68,2.17,-1.25,1.94,1.96,1.92,1.99,1.99,2,1.9,1.94,,,,,,,,,,,,,,,,,,,,,,,,,,,,,,,,,,,,,,,,,
P1,18/10/2020,15:00,Pacos Ferreira,Santa Clara,,,,,,,2.5,2.9,2.87,2.55,3.1,2.85,2.5,3.05,2.95,2.56,3.25,3.04,2.5,3.1,3,2.55,3,2.9,2.56,3.26,3.14,2.48,3.08,2.95,2.5,1.5,2.6,1.54,2.63,1.55,2.5,1.51,0,1.81,2.09,1.79,2.14,1.84,2.14,1.76,2.09,,,,,,,,,,,,,,,,,,,,,,,,,,,,,,,,,,,,,,,,,
P1,17/10/2020,15:30,Gil Vicente,Tondela,,,,,,,2,3.1,3.75,2,3.2,3.9,2.15,3.15,3.65,2.19,3.29,3.75,2.15,3.1,3.7,2.1,3.2,3.6,2.19,3.45,3.8,2.11,3.2,3.6,2.3,1.6,2.35,1.64,2.43,1.65,2.31,1.6,-0.25,1.86,2.04,1.86,2.05,1.89,2.09,1.83,2.01,,,,,,,,,,,,,,,,,,,,,,,,,,,,,,,,,,,,,,,,,
P1,17/10/2020,15:30,Maritimo,Portimonense,,,,,,,2.4,3.1,3.1,2.4,3.1,3,2.45,3.05,3.1,2.54,3.14,3.18,2.45,3.1,3,2.45,3.13,2.9,2.54,3.3,3.4,2.42,3.1,3.06,2.25,1.61,2.26,1.69,2.33,1.72,2.23,1.64,-0.25,2.14,1.77,2.15,1.79,2.15,1.82,2.1,1.76,,,,,,,,,,,,,,,,,,,,,,,,,,,,,,,,,,,,,,,,,
P1,18/10/2020,20:00,Rio Ave,Benfica,,,,,,,5,4,1.5,5.5,4.4,1.55,5.5,4.2,1.57,5.95,4.38,1.57,5.8,4.2,1.55,5.75,4.2,1.53,6.01,4.4,1.62,5.52,4.21,1.54,1.7,2.1,1.72,2.21,1.74,2.28,1.68,2.15,1,1.95,1.95,1.95,1.95,1.97,2,1.91,1.92,,,,,,,,,,,,,,,,,,,,,,,,,,,,,,,,,,,,,,,,,
P1,18/10/2020,17:30,Farense,Famalicao,,,,,,,2.4,3.25,2.9,2.4,3.25,2.9,2.5,3.2,2.8,2.6,3.3,2.94,2.5,3.2,2.88,2.45,3.25,2.8,2.6,3.5,3.2,2.47,3.22,2.85,2.05,1.8,2.05,1.85,2.11,1.87,2,1.79,0,1.83,2.07,1.83,2.08,1.87,2.1,1.8,2.04,,,,,,,,,,,,,,,,,,,,,,,,,,,,,,,,,,,,,,,,,
P1,17/10/2020,20:30,Sp Lisbon,Porto,,,,,,,3,3.25,2.1,3.6,3.4,2.1,3.6,3.3,2.1,3.75,3.48,2.11,3.6,3.3,2.1,3.5,3.3,2.1,3.78,3.58,2.2,3.53,3.35,2.09,2.1,1.7,2.17,1.75,2.24,1.8,2.12,1.71,0.25,2.04,1.86,2.1,1.81,2.1,1.9,2.02,1.81,,,,,,,,,,,,,,,,,,,,,,,,,,,,,,,,,,,,,,,,,
SC1,17/10/2020,15:00,Ayr,Queen of Sth,,,,,,,1.8,3.8,3.6,1.8,3.75,3.5,1.8,3.6,3.85,1.74,4.1,4.62,1.83,3.6,3.8,1.9,3.7,4,1.9,4.1,4.62,1.8,3.72,3.91,1.66,2.15,1.69,2.23,1.84,2.23,1.7,2.1,-0.5,1.88,1.98,1.76,2.15,1.9,2.2,1.81,2,,,,,,,,,,,,,,,,,,,,,,,,,,,,,,,,,,,,,,,,,
SC1,17/10/2020,15:00,Dunfermline,Inverness C,,,,,,,2.37,3.4,2.7,2.35,3.3,2.6,2.4,3.15,2.75,2.46,3.45,2.97,2.38,3.2,2.8,2.45,3.3,2.9,2.5,3.45,2.97,2.38,3.32,2.78,1.95,1.85,1.94,1.93,1.97,1.93,1.89,1.87,0,1.8,2.05,1.77,2.14,1.83,2.14,1.77,2.05,,,,,,,,,,,,,,,,,,,,,,,,,,,,,,,,,,,,,,,,,
SC1,16/10/2020,19:45,Hearts,Dundee,,,,,,,1.72,4,4.33,1.65,3.6,4.4,1.7,3.4,4.7,1.75,3.8,5.12,1.73,3.4,4.6,1.75,3.6,4.8,1.77,4,5.12,1.72,3.6,4.66,2,1.8,2.03,1.86,2.04,1.88,1.96,1.81,-0.75,2,1.85,1.98,1.92,2.04,1.95,1.97,1.86,,,,,,,,,,,,,,,,,,,,,,,,,,,,,,,,,,,,,,,,,
SC1,17/10/2020,15:00,Morton,Alloa,,,,,,,1.83,3.8,3.5,1.8,3.7,3.5,1.9,3.45,3.55,1.94,3.89,3.81,1.88,3.5,3.7,1.95,3.6,3.9,1.95,3.89,3.9,1.89,3.63,3.62,1.85,1.95,1.88,1.98,1.91,1.99,1.84,1.92,-0.5,1.93,1.93,1.94,1.94,1.96,1.95,1.9,1.9,,,,,,,,,,,,,,,,,,,,,,,,,,,,,,,,,,,,,,,,,
SC1,17/10/2020,15:00,Raith Rvs,Arbroath,,,,,,,2.75,3.5,2.25,2.55,3.4,2.35,2.65,3.35,2.35,2.88,3.73,2.39,2.7,3.4,2.38,2.75,3.5,2.5,2.88,3.73,2.58,2.71,3.51,2.35,1.8,2,1.84,2.04,1.88,2.04,1.79,1.97,0,2.08,1.73,2.13,1.77,2.13,1.88,2.02,1.78,,,,,,,,,,,,,,,,,,,,,,,,,,,,,,,,,,,,,,,,,
SC2,17/10/2020,15:00,Airdrie Utd,Peterhead,,,,,,,1.8,3.5,3.8,1.91,3.5,3.3,1.9,3.5,3.6,1.9,3.81,3.8,1.88,3.5,3.7,1.95,3.6,3.75,1.95,3.81,3.8,1.87,3.59,3.63,1.85,1.95,1.83,2,1.85,2.01,1.8,1.94,-0.5,1.93,1.93,1.9,1.93,1.95,1.95,1.88,1.89,,,,,,,,,,,,,,,,,,,,,,,,,,,,,,,,,,,,,,,,,
SC2,17/10/2020,15:00,Clyde,Partick,,,,,,,2.8,3.5,2.2,2.65,3.5,2.25,2.8,3.45,2.25,2.9,3.8,2.26,2.8,3.5,2.25,2.9,3.5,2.3,2.9,3.8,2.3,2.8,3.54,2.23,1.66,2.15,1.65,2.23,1.77,2.23,1.66,2.13,0.25,1.83,2.02,1.85,1.98,1.85,2.06,1.79,1.98,,,,,,,,,,,,,,,,,,,,,,,,,,,,,,,,,,,,,,,,,
SC2,17/10/2020,15:00,Cove Rangers,East Fife,,,,,,,1.7,3.6,4.33,1.8,3.7,3.5,1.8,3.75,3.7,1.77,4.28,3.93,1.8,3.6,3.9,1.75,3.9,4.33,1.85,4.28,4.33,1.77,3.89,3.78,1.7,2.1,1.68,2.18,1.73,2.18,1.67,2.1,-0.75,2,1.85,2.01,1.83,2.05,1.87,2,1.8,,,,,,,,,,,,,,,,,,,,,,,,,,,,,,,,,,,,,,,,,
SC2,17/10/2020,15:00,Forfar,Dumbarton,,,,,,,2.5,3.6,2.4,2.4,3.6,2.4,2.5,3.35,2.5,2.54,3.69,2.6,2.5,3.4,2.5,2.6,3.5,2.6,2.61,3.69,2.8,2.48,3.49,2.5,1.8,2,1.77,2.05,1.8,2.07,1.75,2,0,1.93,1.93,1.89,1.93,1.95,1.94,1.89,1.88,,,,,,,,,,,,,,,,,,,,,,,,,,,,,,,,,,,,,,,,,
SC2,17/10/2020,15:00,Montrose,Falkirk,,,,,,,3.8,3.75,1.8,3.6,3.6,1.8,3.75,3.7,1.8,3.94,4.14,1.79,3.75,3.5,1.85,3.9,3.8,1.85,3.98,4.14,1.92,3.74,3.78,1.79,1.7,2.1,1.68,2.19,1.71,2.19,1.66,2.13,0.5,1.98,1.88,2.05,1.78,2.05,1.92,1.96,1.81,,,,,,,,,,,,,,,,,,,,,,,,,,,,,,,,,,,,,,,,,
SC3,17/10/2020,15:00,Albion Rvs,Stenhousemuir,,,,,,,3.1,3.5,2.25,2.85,3.4,2.15,2.8,3.45,2.2,2.93,3.89,2.22,2.8,3.4,2.3,2.88,3.6,2.3,3.1,3.89,2.33,2.84,3.6,2.19,1.6,2.3,1.6,2.35,1.73,2.35,1.62,2.21,0.25,1.85,2,1.88,1.95,1.88,2.07,1.82,1.95,,,,,,,,,,,,,,,,,,,,,,,,,,,,,,,,,,,,,,,,,
SC3,17/10/2020,15:00,Brechin,Edinburgh City,,,,,,,5.25,4.5,1.5,4.25,4,1.6,4.9,4.2,1.53,5.33,4.76,1.52,5,4.2,1.53,5.75,4.2,1.55,6,4.76,1.6,4.98,4.37,1.53,1.47,2.6,1.48,2.62,1.55,2.62,1.48,2.49,1,1.95,1.9,1.98,1.86,1.98,1.95,1.91,1.87,,,,,,,,,,,,,,,,,,,,,,,,,,,,,,,,,,,,,,,,,
SC3,17/10/2020,15:00,Cowdenbeath,Annan Athletic,,,,,,,2.45,3.25,2.87,2.35,3.2,2.7,2.4,3.25,2.6,2.48,3.63,2.7,2.4,3.2,2.75,2.5,3.4,2.75,2.5,3.63,2.87,2.4,3.38,2.67,1.95,1.85,1.93,1.88,1.97,1.89,1.91,1.84,0,1.83,2.02,1.84,2,1.84,2.05,1.79,1.99,,,,,,,,,,,,,,,,,,,,,,,,,,,,,,,,,,,,,,,,,
SC3,17/10/2020,15:00,Stirling,Queens Park,,,,,,,4.75,4.2,1.61,4.1,3.8,1.65,4.3,3.8,1.67,4.53,4.24,1.67,4.75,3.7,1.63,5.25,3.8,1.65,5.25,4.24,1.77,4.48,3.94,1.64,1.9,1.9,1.92,1.9,1.92,2,1.85,1.89,0.75,2,1.85,1.97,1.87,2.02,1.87,1.95,1.82,,,,,,,,,,,,,,,,,,,,,,,,,,,,,,,,,,,,,,,,,
SC3,17/10/2020,15:00,Stranraer,Elgin,,,,,,,2.3,3.6,2.8,2.2,3.4,2.8,2.25,3.35,2.8,2.24,3.75,2.96,2.35,3.2,2.88,2.38,3.4,2.9,2.38,3.75,3.02,2.24,3.48,2.85,1.9,1.9,1.87,1.95,1.95,1.95,1.86,1.89,-0.25,2.02,1.83,1.96,1.88,2.08,1.88,1.97,1.81,,,,,,,,,,,,,,,,,,,,,,,,,,,,,,,,,,,,,,,,,
SC0,17/10/2020,12:30,Celtic,Rangers,,,,,,,2.6,3.4,2.6,2.55,3.4,2.6,2.55,3.35,2.65,2.63,3.59,2.71,2.55,3.4,2.7,2.5,3.5,2.7,2.7,3.68,2.78,2.56,3.4,2.65,1.9,1.9,1.98,1.91,2.03,1.96,1.93,1.87,0,1.9,1.95,1.93,1.98,1.97,2.04,1.89,1.98,,,,,,,,,,,,,,,,,,,,,,,,,,,,,,,,,,,,,,,,,
SC0,17/10/2020,15:00,Dundee United,Aberdeen,,,,,,,3.6,3.4,2,3.6,3.3,2.05,3.6,3.35,2.1,3.78,3.51,2.09,3.6,3.25,2.1,3.6,3.3,2.1,3.83,3.51,2.14,3.55,3.34,2.07,2.1,1.72,2.2,1.72,2.21,1.75,2.14,1.7,0.25,2.05,1.8,2.12,1.79,2.14,1.87,2.05,1.79,,,,,,,,,,,,,,,,,,,,,,,,,,,,,,,,,,,,,,,,,
SC0,17/10/2020,15:00,Hamilton,St Johnstone,,,,,,,4,3.75,1.85,3.9,3.6,1.85,4.1,3.6,1.85,4.21,3.89,1.87,4.2,3.6,1.85,4.2,3.6,1.83,4.32,3.9,1.92,4.04,3.65,1.84,2,1.8,2.06,1.84,2.08,1.85,2,1.79,0.5,2.02,1.83,2.04,1.87,2.09,1.88,1.99,1.83,,,,,,,,,,,,,,,,,,,,,,,,,,,,,,,,,,,,,,,,,
SC0,17/10/2020,15:00,Livingston,Kilmarnock,,,,,,,2.05,3.4,3.5,1.67,3.8,4.75,1.65,3.9,5.25,1.65,4.17,5.4,1.88,3.4,4.33,1.73,3.7,4.8,1.75,4.17,5.53,1.65,3.86,5.08,2.1,1.72,2.11,1.78,2.15,1.79,2.07,1.73,-0.75,2.6,1.48,1.87,2.04,1.98,2.05,1.84,1.98,,,,,,,,,,,,,,,,,,,,,,,,,,,,,,,,,,,,,,,,,
SC0,17/10/2020,15:00,Ross County,Hibernian,,,,,,,4.2,3.6,1.83,4,3.4,1.91,4.1,3.55,1.85,4.3,3.77,1.88,4.2,3.5,1.85,4.2,3.6,1.83,4.35,3.77,1.92,4.09,3.58,1.85,2,1.8,2,1.88,2.09,1.89,1.98,1.81,0.5,1.98,1.88,2.03,1.88,2.08,1.92,1.97,1.85,,,,,,,,,,,,,,,,,,,,,,,,,,,,,,,,,,,,,,,,,
SC0,17/10/2020,15:00,St Mirren,Motherwell,,,,,,,3.5,3.5,2,3.7,3.5,1.95,3.85,3.4,1.97,3.98,3.53,2.03,3.8,3.4,2,3.75,3.4,2,4.02,3.59,2.1,3.77,3.41,1.97,2.1,1.72,2.14,1.76,2.15,1.83,2.06,1.74,0.5,1.85,2,1.88,2.03,1.88,2.03,1.83,1.98,,,,,,,,,,,,,,,,,,,,,,,,,,,,,,,,,,,,,,,,,
SP1,18/10/2020,17:30,Alaves,Elche,,,,,,,1.75,3.3,5.5,1.75,3.4,5.5,1.77,3.1,5.5,1.79,3.5,5.59,1.8,3.3,5.25,1.75,3.25,5.25,1.85,3.5,5.61,1.77,3.36,5.29,2.75,1.44,2.72,1.51,2.79,1.51,2.64,1.46,-0.75,2.07,1.86,2.09,1.85,2.11,1.89,2.04,1.83,,,,,,,,,,,,,,,,,,,,,,,,,,,,,,,,,,,,,,,,,
SP1,18/10/2020,13:00,Ath Bilbao,Levante,,,,,,,2.05,3.2,4,2.1,3.2,3.9,2.1,3.1,3.8,2.12,3.36,3.95,2.05,3.3,3.8,2,3.25,3.8,2.17,3.48,4,2.07,3.29,3.82,2.2,1.66,2.28,1.69,2.38,1.7,2.25,1.64,-0.25,1.73,2.08,1.8,2.13,1.86,2.2,1.77,2.11,,,,,,,,,,,,,,,,,,,,,,,,,,,,,,,,,,,,,,,,,
SP1,18/10/2020,20:00,Betis,Sociedad,,,,,,,2.5,3.25,2.9,2.45,3.5,2.8,2.5,3.2,2.8,2.54,3.56,2.87,2.45,3.5,2.8,2.4,3.5,2.75,2.54,3.64,3,2.47,3.44,2.83,1.9,1.9,1.89,2.01,1.93,2.02,1.86,1.94,0,1.83,2.1,1.85,2.09,1.85,2.13,1.81,2.07,,,,,,,,,,,,,,,,,,,,,,,,,,,,,,,,,,,,,,,,,
SP1,17/10/2020,15:00,Celta,Ath Madrid,,,,,,,5.5,3.3,1.75,5.5,3.25,1.78,5.25,3.15,1.8,5.72,3.31,1.83,5.5,3.3,1.78,5,3.5,1.75,5.75,3.5,1.85,5.34,3.35,1.78,2.5,1.53,2.49,1.59,2.52,1.63,2.4,1.57,0.75,1.86,2.07,1.84,2.1,1.89,2.1,1.83,2.03,,,,,,,,,,,,,,,,,,,,,,,,,,,,,,,,,,,,,,,,,
SP1,18/10/2020,11:00,Eibar,Osasuna,,,,,,,2.6,3,3,2.6,3,3,2.65,2.8,2.95,2.71,3.12,3.01,2.6,3,3,2.5,3,3,2.72,3.2,3.1,2.62,3.03,2.98,2.5,1.53,2.67,1.53,2.67,1.54,2.56,1.5,0,1.82,2.11,1.86,2.07,1.88,2.13,1.81,2.06,,,,,,,,,,,,,,,,,,,,,,,,,,,,,,,,,,,,,,,,,
SP1,17/10/2020,20:00,Getafe,Barcelona,,,,,,,4.75,3.8,1.72,5,3.7,1.72,4.8,3.5,1.77,5.09,3.75,1.78,5.25,3.6,1.73,4.8,3.75,1.73,5.45,3.84,1.8,4.88,3.7,1.75,1.9,1.9,2.02,1.88,2.04,1.96,1.94,1.87,0.75,1.94,1.99,1.92,2.01,1.99,2.01,1.9,1.96,,,,,,,,,,,,,,,,,,,,,,,,,,,,,,,,,,,,,,,,,
SP1,17/10/2020,12:00,Granada,Sevilla,,,,,,,4.2,3.4,1.9,4.1,3.5,1.91,4.2,3.15,1.95,4.3,3.49,1.98,4.4,3.3,1.91,4.1,3.4,1.93,4.6,3.55,2.02,4.23,3.4,1.94,2.2,1.66,2.3,1.68,2.3,1.76,2.21,1.67,0.5,1.96,1.97,1.94,1.98,1.98,1.98,1.92,1.95,,,,,,,,,,,,,,,,,,,,,,,,,,,,,,,,,,,,,,,,,
SP1,18/10/2020,17:30,Huesca,Valladolid,,,,,,,2.25,2.9,3.8,2.25,3,3.7,2.3,2.8,3.65,2.32,3.12,3.71,2.2,3,3.75,2.25,2.9,3.6,2.36,3.15,3.9,2.25,2.99,3.69,3.2,1.36,3.01,1.43,3.2,1.43,2.94,1.39,-0.25,1.96,1.97,1.95,1.97,1.98,2.01,1.91,1.94,,,,,,,,,,,,,,,,,,,,,,,,,,,,,,,,,,,,,,,,,
SP1,17/10/2020,17:30,Real Madrid,Cadiz,,,,,,,1.18,7,15,1.22,6.75,12,1.25,6,13,1.23,7.08,13.52,1.2,6.5,15,1.2,6.5,15,1.25,7.2,17,1.22,6.64,13.22,1.61,2.3,1.63,2.39,1.68,2.46,1.6,2.33,-1.75,1.95,1.98,1.92,1.99,1.96,2.02,1.9,1.97,,,,,,,,,,,,,,,,,,,,,,,,,,,,,,,,,,,,,,,,,
SP1,18/10/2020,15:00,Villarreal,Valencia,,,,,,,1.6,4,5.25,1.65,4,5.25,1.65,3.8,5,1.66,4.27,5.3,1.62,4,5.5,1.62,4,4.8,1.71,4.33,5.5,1.65,4.03,5.04,1.72,2.1,1.74,2.2,1.83,2.21,1.72,2.11,-0.75,1.87,2.06,1.84,2.1,1.91,2.1,1.85,2.02,,,,,,,,,,,,,,,,,,,,,,,,,,,,,,,,,,,,,,,,,
SP2,17/10/2020,15:00,Albacete,Sabadell,,,,,,,2.3,3,3.4,2.3,2.9,3.4,2.3,2.9,3.5,2.36,2.93,3.73,2.35,2.75,3.5,2.25,3,3.5,2.42,3.04,3.73,2.29,2.88,3.49,2.6,1.47,2.71,1.49,2.71,1.58,2.57,1.48,-0.25,1.95,1.9,1.97,1.92,2.02,1.97,1.95,1.89,,,,,,,,,,,,,,,,,,,,,,,,,,,,,,,,,,,,,,,,,
SP2,18/10/2020,11:00,Alcorcon,Ponferradina,,,,,,,2.1,2.9,3.8,2,2.95,4.4,2.1,2.95,4.1,2.13,2.99,4.35,2.1,2.9,4,2.05,3,3.9,2.22,3.03,4.4,2.07,2.9,4.08,2.7,1.44,2.82,1.46,2.83,1.52,2.68,1.45,-0.25,1.8,2.05,1.78,2.12,1.86,2.14,1.78,2.07,,,,,,,,,,,,,,,,,,,,,,,,,,,,,,,,,,,,,,,,,
SP2,17/10/2020,17:15,Cartagena,Fuenlabrada,,,,,,,2.75,2.8,2.87,2.65,2.8,3,2.8,2.75,2.9,2.92,2.8,3.01,2.62,2.7,3.1,2.75,2.9,2.8,2.92,2.9,3.01,2.78,2.74,2.88,2.7,1.44,2.88,1.45,2.88,1.49,2.7,1.44,0,1.9,1.95,1.92,1.97,1.95,2.02,1.89,1.95,,,,,,,,,,,,,,,,,,,,,,,,,,,,,,,,,,,,,,,,,
SP2,17/10/2020,15:00,Castellon,Lugo,,,,,,,2.15,2.87,4,2.2,2.9,3.7,2.2,2.9,3.85,2.16,2.96,4.3,2.25,2.8,3.7,2.2,3,3.6,2.31,3.01,4.3,2.17,2.87,3.82,2.4,1.53,2.65,1.51,2.65,1.57,2.5,1.51,-0.25,1.85,2,1.83,2.07,1.92,2.07,1.84,2,,,,,,,,,,,,,,,,,,,,,,,,,,,,,,,,,,,,,,,,,
SP2,18/10/2020,20:00,Sp Gijon,Tenerife,,,,,,,2.2,3,3.6,2.25,2.75,3.75,2.35,2.8,3.6,2.43,2.79,3.81,2.2,3,3.6,2.25,2.9,3.4,2.43,3.05,3.81,2.29,2.83,3.54,2.6,1.47,2.77,1.48,2.77,1.52,2.62,1.46,-0.25,1.95,1.9,2.01,1.88,2.01,1.97,1.93,1.9,,,,,,,,,,,,,,,,,,,,,,,,,,,,,,,,,,,,,,,,,
SP2,18/10/2020,19:30,Girona,Oviedo,,,,,,,2.05,3.1,4,1.95,3.1,4.33,2.05,3.05,4.1,2.07,3.12,4.32,2.05,3,4,2.05,3,3.9,2.12,3.18,4.33,2.03,3.02,4.04,2.7,1.44,2.82,1.46,2.86,1.5,2.7,1.44,-0.25,1.73,2.08,1.75,2.17,1.85,2.17,1.74,2.09,,,,,,,,,,,,,,,,,,,,,,,,,,,,,,,,,,,,,,,,,
SP2,17/10/2020,17:15,Las Palmas,Almeria,,,,,,,2.55,2.87,3.1,2.5,2.95,3,2.65,2.8,3,2.76,2.87,3.1,2.55,2.9,3,2.7,2.9,2.9,2.76,2.97,3.14,2.62,2.84,2.98,2.5,1.5,2.68,1.51,2.68,1.54,2.55,1.49,0,1.83,2.02,1.84,2.06,1.89,2.11,1.81,2.03,,,,,,,,,,,,,,,,,,,,,,,,,,,,,,,,,,,,,,,,,
SP2,17/10/2020,19:30,Logrones,Leganes,,,,,,,3.4,2.8,2.45,3.4,2.7,2.45,3.4,2.8,2.45,3.49,2.83,2.55,3.2,2.7,2.6,3.2,2.9,2.45,3.65,2.93,2.63,3.37,2.74,2.44,2.6,1.47,2.84,1.46,2.84,1.54,2.65,1.45,0.25,1.77,2.1,1.8,2.11,1.86,2.14,1.78,2.07,,,,,,,,,,,,,,,,,,,,,,,,,,,,,,,,,,,,,,,,,
SP2,18/10/2020,17:15,Mirandes,Mallorca,,,,,,,2.62,2.87,2.87,2.65,2.85,2.9,2.8,2.8,2.85,2.93,2.87,2.91,2.8,2.9,2.7,2.7,2.88,2.8,2.93,2.94,3,2.74,2.8,2.84,2.6,1.47,2.85,1.45,2.85,1.51,2.66,1.45,0,1.88,1.98,1.95,1.93,1.95,2.04,1.87,1.96,,,,,,,,,,,,,,,,,,,,,,,,,,,,,,,,,,,,,,,,,
SP2,18/10/2020,15:00,Vallecano,Espanol,,,,,,,2.9,3,2.55,3,2.8,2.65,2.95,2.8,2.7,3.05,2.89,2.78,3,2.7,2.7,2.88,2.9,2.6,3.18,3,2.79,2.95,2.79,2.66,2.5,1.5,2.51,1.56,2.58,1.61,2.46,1.52,0,2.02,1.83,2.04,1.85,2.14,1.9,2.01,1.82,,,,,,,,,,,,,,,,,,,,,,,,,,,,,,,,,,,,,,,,,
SP2,18/10/2020,17:15,Zaragoza,Malaga,,,,,,,1.95,3,4.33,1.9,3.1,4.5,1.95,3.15,4.4,1.97,3.22,4.62,1.95,3,4.4,1.91,3.1,4.33,2.02,3.22,4.65,1.94,3.09,4.32,2.6,1.47,2.71,1.49,2.72,1.52,2.59,1.47,-0.5,1.95,1.9,1.97,1.92,2.02,1.94,1.95,1.87,,,,,,,,,,,,,,,,,,,,,,,,,,,,,,,,,,,,,,,,,
T1,18/10/2020,14:00,Antalyaspor,Gaziantep,,,,,,,2,3.5,3.6,2,3.2,3.9,2.05,3.25,3.75,2.09,3.19,4.03,2,3.4,3.6,2.05,3.3,3.8,2.09,3.76,4.03,2.03,3.28,3.75,1.85,1.95,1.89,1.96,1.94,2.01,1.86,1.93,-0.5,2.02,1.83,2.09,1.8,2.15,1.88,2.05,1.81,,,,,,,,,,,,,,,,,,,,,,,,,,,,,,,,,,,,,,,,,
T1,19/10/2020,18:00,Galatasaray,Alanyaspor,,,,,,,1.9,3.4,4,1.95,3.4,3.8,1.95,3.4,3.9,1.98,3.32,4.28,1.95,3.3,3.9,2,3.4,3.75,2.05,3.65,4.5,1.95,3.35,3.91,1.8,2,1.79,2.06,1.84,2.1,1.77,2.01,-0.5,1.95,1.9,1.98,1.89,2.1,1.94,1.99,1.85,,,,,,,,,,,,,,,,,,,,,,,,,,,,,,,,,,,,,,,,,
T1,19/10/2020,18:00,Genclerbirligi,Denizlispor,,,,,,,2.05,3.3,3.6,2,3.4,3.6,2.05,3.4,3.55,2.04,3.52,3.76,2.05,3.3,3.6,2.05,3.4,3.6,2.15,3.6,3.9,2.04,3.39,3.54,2.05,1.75,2.05,1.82,2.11,1.85,2.02,1.77,-0.25,1.75,2.05,1.76,2.13,1.86,2.16,1.77,2.06,,,,,,,,,,,,,,,,,,,,,,,,,,,,,,,,,,,,,,,,,
T1,18/10/2020,17:00,Goztep,Fenerbahce,,,,,,,3.4,3.4,2.1,3.4,3.5,2.05,3.35,3.6,2.05,3.52,3.71,2.06,3.4,3.5,2.05,3.4,3.5,2.1,3.58,3.76,2.16,3.36,3.56,2.04,1.72,2.07,1.75,2.12,1.82,2.14,1.74,2.05,0.25,2,1.85,2.09,1.78,2.1,1.9,2.04,1.8,,,,,,,,,,,,,,,,,,,,,,,,,,,,,,,,,,,,,,,,,
T1,18/10/2020,11:30,Hatayspor,Erzurum BB,,,,,,,2.8,2.9,2.7,2.8,3.1,2.55,2.8,3.1,2.6,2.88,3.22,2.62,2.8,3.1,2.55,2.75,3.13,2.63,2.88,3.32,2.87,2.77,3.11,2.6,2.2,1.65,2.24,1.68,2.29,1.73,2.21,1.66,0,1.98,1.88,2.03,1.85,2.07,1.98,1.97,1.87,,,,,,,,,,,,,,,,,,,,,,,,,,,,,,,,,,,,,,,,,
T1,18/10/2020,14:00,Karagumruk,Kasimpasa,,,,,,,2.62,3.3,2.62,2.65,3.1,2.7,2.65,3.3,2.6,2.76,3.33,2.66,2.6,3.4,2.55,2.6,3.3,2.7,2.76,3.68,2.74,2.63,3.3,2.62,1.72,2.07,1.77,2.09,1.8,2.14,1.75,2.05,0,1.95,1.9,1.97,1.9,2,2,1.91,1.93,,,,,,,,,,,,,,,,,,,,,,,,,,,,,,,,,,,,,,,,,
T1,17/10/2020,14:00,Kayserispor,Sivasspor,,,,,,,4,3.6,1.85,3.9,3.6,1.87,3.9,3.55,1.9,4.09,3.59,1.93,3.8,3.6,1.88,3.7,3.7,1.93,4.1,3.92,2,3.87,3.6,1.92,1.7,2.1,1.75,2.12,1.78,2.19,1.71,2.11,0.5,1.93,1.93,1.93,1.93,1.99,2,1.91,1.94,,,,,,,,,,,,,,,,,,,,,,,,,,,,,,,,,,,,,,,,,
T1,17/10/2020,14:00,Konyaspor,Yeni Malatyaspor,,,,,,,2,3.2,4,2,3.3,3.75,2.05,3.25,3.8,2.06,3.2,4.14,2.05,3.25,3.6,2.05,3.3,3.75,2.15,3.46,4.14,2.04,3.23,3.78,2,1.8,1.94,1.91,2.13,1.91,1.97,1.83,-0.25,1.7,2.1,1.74,2.15,1.84,2.23,1.76,2.1,,,,,,,,,,,,,,,,,,,,,,,,,,,,,,,,,,,,,,,,,
T1,17/10/2020,11:30,Rizespor,Ankaragucu,,,,,,,1.95,3.3,4,1.95,3.4,3.8,2,3.3,3.8,2.03,3.31,4.05,1.95,3.4,3.75,2.05,3.3,3.8,2.06,3.68,4.16,2,3.33,3.81,2,1.8,2.02,1.84,2.03,1.92,1.96,1.83,-0.5,2,1.85,2.03,1.84,2.1,1.9,2.03,1.83,,,,,,,,,,,,,,,,,,,,,,,,,,,,,,,,,,,,,,,,,
T1,17/10/2020,17:00,Trabzonspor,Buyuksehyr,,,,,,,2.25,3.4,3.1,2.25,3.25,3.1,2.3,3.35,3,2.38,3.38,3.09,2.35,3.2,3,2.38,3.3,3,2.42,3.51,3.13,2.32,3.32,3.01,1.7,2.1,1.71,2.17,1.85,2.17,1.74,2.07,-0.25,2.02,1.83,2.05,1.83,2.09,1.89,2.02,1.83,,,,,,,,,,,,,,,,,,,,,,,,,,,,,,,,,,,,,,,,,
